GIFT_ID,PERIOD_START,PERIOD_END,GIFT,RECIPIENT_FIRST_NAME,RECIPIENT_LAST_NAME,RECIPIENT_TITLE,VALUE,DEPARTMENT,LOBBYIST_ID,LOBBYIST_FIRSTNAME,LOBBYIST_LASTNAME,CREATED_DATE
1579542053,07/01/2019,09/30/2019,0,CHARLES,SACKLEY,SVP SALES,0.00,EMERGENCY MANAGEMENT & COMMUNICATIONS,21201,CHARLES,SACKLEY,03/03/2020
2384659718,10/01/2019,12/31/2019,0,CHARLES,SACKLEY,SVP SALES,0.00,EMERGENCY MANAGEMENT & COMMUNICATIONS,21201,CHARLES,SACKLEY,03/03/2020
605159316,04/01/2019,06/30/2019,0,CHARLES,SACKLEY,SVP SALES,0.00,EMERGENCY MANAGEMENT & COMMUNICATIONS,21201,CHARLES,SACKLEY,03/03/2020
3449892652,10/01/2020,12/31/2020,NONE,DAN,CASEY,"DEPUTY DIRECTOR PSIT, OEMC",0.00,EMERGENCY MANAGEMENT & COMMUNICATIONS,20210,KEN,LUKOWSKI,12/04/2020
694447715,10/01/2020,12/31/2020,N/A,N/A,N/A,N/A,0.00,"ASSETS, INFORMATION & SERVICES (AIS)",24286,TOM,FEENEY,12/18/2020
694447715,10/01/2020,12/31/2020,N/A,N/A,N/A,N/A,0.00,FINANCE,15683,KEVIN,SCHUYLER,12/18/2020
694447715,10/01/2020,12/31/2020,N/A,N/A,N/A,N/A,0.00,311 CITY SERVICES,24286,TOM,FEENEY,12/18/2020
694447715,10/01/2020,12/31/2020,N/A,N/A,N/A,N/A,0.00,FINANCE,3820,MORGAN,BASSEY,01/05/2021
1054019389,01/01/2022,03/31/2022,N/A,N/A,N/A,N/A,0.00,FINANCE,3820,MORGAN,BASSEY,04/09/2022
1100623310,10/01/2020,12/31/2020,SOUTHSIDE MAGNOLIA GIFT PACK,LORI,LIGHTFOOT,MAYOR,16.00,MAYORS OFFICE,25028,ALEXI,MADON,01/18/2021
3837281390,10/01/2020,12/31/2020,NONE,NONE,NONE,NONE,0.00,MAYORS OFFICE,24825,BOB,ENKEMA,01/19/2021
2849878523,10/01/2020,12/31/2020,N/A,LEWIS,POWELL,ATTORNEY,0.00,PLANNING AND DEVELOPMENT,3955,LEWIS,POWELL,01/19/2021
6331332,10/01/2020,12/31/2020,FRAMED PHOTO,LORI,LIGHTFOOT,MAYOR,45.00,MAYORS OFFICE,18041,JILL,WOLOWITZ,01/20/2021
2167628239,10/01/2020,12/31/2020,FRAMED PHOTO,SAMIR,MAYEKAR,DEPUTY MAYOR,45.00,MAYORS OFFICE,18041,JILL,WOLOWITZ,01/20/2021
3821325995,10/01/2020,12/31/2020,0,BRYON,SIGCHO-LOPEZ,ALDERMAN,0.00,CITY COUNCIL / ALDERMEN,24700,PAUL,LUU,01/23/2021
250194839,10/01/2020,12/31/2020,NONE,GIVEN,NONE,NO ONE,0.00,ZONING COMMITTEE,4125,KAREEM,MUSAWWIR,01/28/2021
1785892942,01/01/2021,03/31/2021,BOOK,EDWARD,BURKE,ALDERMAN,25.00,CITY COUNCIL / ALDERMEN,3836,JOHN,DOERRER,04/06/2021
1345053836,10/01/2020,12/31/2020,00000,N/A,N/A,N/A,0.00,CITY CLERK,24887,COY,PUGH,02/05/2021
3755926915,01/01/2021,03/31/2021,0,BRANDON,MCGHEE,MR,0.00,CITY COUNCIL / ALDERMEN,24621,BRANDON,MCGHEE,02/18/2021
1208289224,01/01/2021,03/31/2021,0,DAN,CASEY,"DEPUTY DIRECTOR PSIT, OEMC",0.00,EMERGENCY MANAGEMENT & COMMUNICATIONS,20210,KEN,LUKOWSKI,03/23/2021
2756795325,01/01/2021,03/31/2021,NONE,NONE,NONE,NONE,0.00,BUILDINGS,3979,JOHN,SUZUKI,04/11/2021
296294339,01/01/2021,03/31/2021,0,BRYON,SIGCHO-LOPEZ,ALDERMAN,0.00,CITY COUNCIL / ALDERMEN,24700,PAUL,LUU,04/15/2021
1733335,01/01/2021,03/31/2021,NOTHING,ONE,NO,NOBODY,0.00,PLANNING AND DEVELOPMENT,4125,KAREEM,MUSAWWIR,04/15/2021
1392124643,04/01/2021,06/30/2021,N/A,N/A,N/A,N/A,0.00,FINANCE,3820,MORGAN,BASSEY,07/07/2021
182103864,04/01/2021,06/30/2021,LUNCH,SILVANA,TABARES,ALDERMAN,10.42,CITY COUNCIL / ALDERMEN,24927,CHRISTOPHER,JESSUP,07/15/2021
3353363325,01/01/2021,03/31/2021,NONE,N/A,NONE,N/A,0.00,MAYORS OFFICE,24825,BOB,ENKEMA,04/26/2021
925348009,01/01/2021,03/31/2021,0,LEWIS W,"POWELL, III",ATTORNEY,0.00,PLANNING AND DEVELOPMENT,3955,LEWIS,POWELL,04/26/2021
2615026539,04/01/2021,06/30/2021,NA,CORY,HOHS,CEO,0.00,FIRE DEPARTMENT,16101,CORY,HOHS,06/28/2021
2946559170,04/01/2021,06/30/2021,NONE,DAN,CASEY,DEPUTY DIRECTOR,0.00,EMERGENCY MANAGEMENT & COMMUNICATIONS,20210,KEN,LUKOWSKI,06/29/2021
291353682,04/01/2021,06/30/2021,N/A,LEWIS,POWELL,ATTORNEY,0.00,PLANNING AND DEVELOPMENT,3955,LEWIS,POWELL,07/15/2021
3289835160,04/01/2021,06/30/2021,LUNCH,GILBERT,VILLEGAS,ALDERMAN,22.73,CITY COUNCIL / ALDERMEN,24927,CHRISTOPHER,JESSUP,07/15/2021
2090549197,04/01/2021,06/30/2021,NONE,NONE,NONE,NONE,0.00,BUILDINGS,3979,JOHN,SUZUKI,07/16/2021
2881682408,07/01/2020,09/30/2020,0,PAVOL,REHUS,VP OF OPERATIONS,0.00,TRANSPORTATION,20526,PAVOL,REHUS,09/30/2020
893578213,04/01/2021,06/30/2021,NONE,NO,ONE,NONE,0.00,ZONING COMMITTEE,4125,KAREEM,MUSAWWIR,07/18/2021
2273415049,07/01/2021,09/30/2021,N/A,N/A,N/A,N/A,0.00,FINANCE,3820,MORGAN,BASSEY,09/24/2021
1245340060,07/01/2021,09/30/2021,NONE,DAN,CASEY,DEPUTY DIRECTOR,0.00,EMERGENCY MANAGEMENT & COMMUNICATIONS,20210,KEN,LUKOWSKI,09/30/2021
1099767642,10/01/2021,12/31/2021,N/A,N/A,N/A,N/A,0.00,FINANCE,3820,MORGAN,BASSEY,01/06/2022
2461372045,07/01/2021,09/30/2021,NONE,NONE,NONE,NONE,0.00,BUILDINGS,3979,JOHN,SUZUKI,10/12/2021
2256319237,07/01/2021,09/30/2021,FOOD/BEVERAGE,WALTER,BURNETT,ALDERMAN,50.00,CITY COUNCIL / ALDERMEN,23883,ASHLIE,KUEHN,10/13/2021
471673055,07/01/2021,09/30/2021,N/A,LEWIS,POWELL,ATTORNEY,0.00,PLANNING AND DEVELOPMENT,3955,LEWIS,POWELL,10/14/2021
4257921967,07/01/2021,09/30/2021,DONUTS,ROD,SAWYER,ALDERMAN,12.89,CITY COUNCIL / ALDERMEN,24927,CHRISTOPHER,JESSUP,10/14/2021
3564205292,07/01/2014,09/30/2014,DINNER,MICHAEL,ZALEWSKI,ALDERMAN,35.00,CITY COUNCIL / ALDERMEN,4301,DANIEL,LYNCH,10/17/2014
676432532,07/01/2021,09/30/2021,DONUTS,LESLIE,HAIRSTON,ALDERMAN,12.89,CITY COUNCIL / ALDERMEN,24927,CHRISTOPHER,JESSUP,10/14/2021
3843118891,10/01/2021,12/31/2021,LUNCH,CORNELIA,DAWSON,"CHIEF OF STAFF, ALDERSON MOORE",35.29,CITY COUNCIL / ALDERMEN,25082,MATTHEW,TOWSON,01/11/2022
2381781861,04/01/2021,06/30/2021,WALMART TSHIRT,HOWARD,BROOKINS,ALDERMAN,45.00,CITY COUNCIL / ALDERMEN,3877,GYATA,KIMMONS,10/18/2021
4089391887,10/01/2021,12/31/2021,LUNCH,CORNELIA,DAWSON,"CHIEF OF STAFF, ALERMAN MOORE",35.29,CITY COUNCIL / ALDERMEN,25081,MATTHEW,JOHANSON,01/12/2022
1139901321,01/01/2022,03/31/2022,0,BRYON,SIGCHO-LOPEZ,ALDERMAN,0.00,CITY COUNCIL / ALDERMEN,24700,PAUL,LUU,04/18/2022
1108213825,04/01/2022,06/30/2022,N/A,N/A,N/A,N/A,0.00,FINANCE,3820,MORGAN,BASSEY,07/11/2022
1497211575,04/01/2022,06/30/2022,0,BRYON,SIGCHO-LOPEZ,ALDERMAN,0.00,CITY COUNCIL / ALDERMEN,24700,PAUL,LUU,07/15/2022
3725403734,10/01/2019,12/31/2019,INVITATION TO HOSPITAL CEO RETIREMENT PARTY ON NOV. 21. 278 INVITED TOTALLING $46.19 PER PERSON,ALDERMAN,ALL CITY COUNCIL,ALDERMAN,46.19,CITY COUNCIL / ALDERMEN,13621,ARTHUR,WILHELMI,01/15/2020
1855977960,04/01/2016,06/30/2016,N/A,N/A,N/A,N/A,0.00,FINANCE,3820,MORGAN,BASSEY,07/06/2016
538630956,07/01/2015,09/30/2015,LUNCH,WALTER,BURNETT,27TH WARD,129.58,CITY COUNCIL / ALDERMEN,3895,JAMES,SULLIVAN,10/23/2015
615238527,10/01/2015,12/31/2015,BOOK,ED,BURKE,ALD,20.00,CITY COUNCIL / ALDERMEN,4064,WILLIAM,FILAN,01/22/2016
4267724292,04/01/2022,06/30/2022,0,NICOLE,LEE,ALDERWOMAN,0.00,CITY COUNCIL / ALDERMEN,24700,PAUL,LUU,07/15/2022
3003602262,10/01/2017,12/31/2017,BAKERY,N/A,N/A,PERMIT COUNTER,12.81,TRANSPORTATION,19186,ROBERT,WILSON,01/20/2018
2766018339,10/01/2015,12/31/2015,0,ANDREW,CUBRIA,ASSISTANT VICE PRESIDENT,0.00,FINANCE,11821,ANDREW,CUBRIA,01/20/2016
1195939236,04/01/2022,06/30/2022,FOOD & BEVERAGE,GOLNAR,TEIMOURI,POLICY ADVISOR FOR RESEARCH AND DATA PUBLIC SAFETY,18.00,MAYORS OFFICE,25013,LEAH,POPOFF,07/18/2022
1917970516,01/01/2014,03/31/2014,MEAL,DAVID,SPIELFOGEL,ADVISOR,35.00,MAYORS OFFICE,4339,AMY,BRENNAN,04/16/2014
695258654,04/01/2017,06/30/2017,CAKE,DAVID,MOORE,ALDERMAN,13.50,CITY COUNCIL / ALDERMEN,17143,WOJTEK,GIL,07/10/2017
3108099877,04/01/2022,06/30/2022,FOOD & BEVERAGE,DAVID,YONGWOO KWON,ANALYST,18.00,MAYORS OFFICE,25013,LEAH,POPOFF,07/18/2022
3863214286,07/01/2019,09/30/2019,N/A,N/A,N/A,N/A,0.00,LAW DEPARTMENT,24264,STEPHEN,PATTON,10/16/2019
3198527837,10/01/2018,12/31/2018,NONE,NONE,NONE,NONE,0.00,BUILDINGS,3979,JOHN,SUZUKI,01/09/2019
93741739,10/01/2019,12/31/2019,BOOK,LORI,LIGHTFOOT,MAYOR,18.00,MAYORS OFFICE,22022,AMY,WAGGONER,01/08/2020
3984981002,04/01/2022,06/30/2022,FOOD & BEVERAGE,PAUL,GOODRICH,CHIEF OPERATING OFFICER,18.00,MAYORS OFFICE,25013,LEAH,POPOFF,07/18/2022
1824577489,04/01/2022,06/30/2022,NONE,JEAN-PATRICK,LARIVIERE,MR,0.00,FINANCE,15521,JEAN-PATRICK,LARIVIERE,07/18/2022
2462303803,01/01/2019,03/31/2019,MEAL,ROBERT,MALDONADO,ALDERMAN,8.52,CITY COUNCIL / ALDERMEN,15501,DAVID,GROSS,04/18/2019
1366417949,04/01/2022,06/30/2022,FOOD & BEVERAGE,NICK,LUCIUS,CHIEF DATA OFFICER,18.00,MAYORS OFFICE,25013,LEAH,POPOFF,07/19/2022
1414413024,04/01/2022,06/30/2022,LUNCH,ROD,SAWYER,ALDERMAN,35.00,CITY COUNCIL / ALDERMEN,24836,BRAD,TIETZ,07/20/2022
3561665899,07/01/2014,09/30/2014,BOOK,ED,BURKE,ALDERMAN,20.00,CITY COUNCIL / ALDERMEN,4064,WILLIAM,FILAN,10/08/2014
2643230775,10/01/2014,12/31/2014,FRUIT BOX,ED,ELLIS,ASSISTANT COMMISSIONER,19.96,PLANNING AND DEVELOPMENT,3992,VIRGINIA,PACE,01/12/2015
1208666843,04/01/2014,06/30/2014,NONE,EDWARD,EBERTSCH,FLEET SERVICE,0.00,FIRE DEPARTMENT,4063,JODY,JOY,07/16/2014
3577731094,04/01/2022,06/30/2022,0,0,0,0,0.00,CITY CLERK,25242,ISSAC,RIGGS,07/22/2022
3798608795,04/01/2014,06/30/2014,PEACE SIGN KEY CHAIN & COLLARS,ROSEMARIE,ANDOLINO,COMMISSIONER,39.00,AVIATION,9462,KAREN,KENT,07/23/2014
413863800,10/01/2017,12/31/2017,HOLIDAY BAKERY,N/A,N/A,OFFICE OF 4TH WARD,43.95,CITY COUNCIL / ALDERMEN,19186,ROBERT,WILSON,01/20/2018
2163129116,10/01/2017,12/31/2017,MEAL,ADAM,GYPALO,CHIEF OF STAFF,16.00,CITY COUNCIL / ALDERMEN,3984,RICHARD,ERICKSON,01/15/2018
4146501691,01/01/2022,03/31/2022,0,SHARON,GRANT,LOBBYISTS,0.00,BUSINESS AFFAIRS AND CONSUMER PROTECTION (BACP),25469,SHARON,GRANT,09/01/2022
206331447,04/01/2014,06/30/2014,MEAL,BRENDAN,REILLY,ALDERMAN,35.00,CITY COUNCIL / ALDERMEN,3984,RICHARD,ERICKSON,07/21/2014
784348644,04/01/2022,06/30/2022,0,SHARON,GRANT,PRESIDENT,0.00,BOARD OF ETHICS,25469,SHARON,GRANT,09/01/2022
1401135155,07/01/2014,09/30/2014,BOOK & NOTEBOOK AT YOUTH AMBASSADOR LUNCHEON 7/9/14,LATASHA,THOMAS,ALD,35.00,CITY COUNCIL / ALDERMEN,3878,MICHAEL,GUERRA,10/15/2014
1108118686,07/01/2022,09/30/2022,0,BRYON,SIGCHO-LOPEZ,ALDERMAN,0.00,CITY COUNCIL / ALDERMEN,24700,PAUL,LUU,09/28/2022
164515423,07/01/2022,09/30/2022,NONE,NONE,NONE,NONE,0.00,BUILDINGS,3979,JOHN,SUZUKI,09/28/2022
1939330578,07/01/2022,09/30/2022,0,NICOLE,LEE,ALDERWOMAN,0.00,CITY COUNCIL / ALDERMEN,24700,PAUL,LUU,09/28/2022
2774738615,10/01/2019,12/31/2019,NONE,CASEY,DAN,"DEPUTY DIRECTOR, PSIIT, OEMC",0.00,EMERGENCY MANAGEMENT & COMMUNICATIONS,20210,KEN,LUKOWSKI,12/20/2019
3473297126,04/01/2018,06/30/2018,NA,LEWIS W,"POWELL, III",ATTORNEY,0.00,PLANNING AND DEVELOPMENT,3955,LEWIS,POWELL,07/09/2018
4120194622,07/01/2022,09/30/2022,0,0,0,0,0.00,CITY CLERK,25242,ISSAC,RIGGS,09/29/2022
2310810773,07/01/2022,09/30/2022,N/A,N/A,N/A,N/A,0.00,FINANCE,3820,MORGAN,BASSEY,10/12/2022
333006090,07/01/2022,09/30/2022,DINNER,SAM,NUGENT,ALDER,50.00,CITY COUNCIL / ALDERMEN,18782,JENNIFER,WALLING,10/19/2022
2246170411,07/01/2021,09/30/2021,0,BRYON,SIGCHO-LOPEZ,ALDERMAN,0.00,CITY COUNCIL / ALDERMEN,24700,PAUL,LUU,10/26/2021
40962193,01/01/2022,03/31/2022,MEAL,MANUEL,PEREZ,DEPUTY DIRECTOR OF INTERGOVERNMENTAL AFFAIRS,38.97,MAYORS OFFICE,25503,ELSA,JARAMILLO,04/19/2022
2735666223,10/01/2021,12/31/2021,NONE,DAN,CASEY,DEPUTY DIRECTOR,0.00,EMERGENCY MANAGEMENT & COMMUNICATIONS,20210,KEN,LUKOWSKI,12/13/2021
1782835015,01/01/2019,03/31/2019,NONE,NONE,NONE,NONE,0.00,BUILDINGS,3979,JOHN,SUZUKI,04/01/2019
3387994235,04/01/2022,06/30/2022,LUNCH,JASON,ERVIN,ALDERMAN,46.99,CITY COUNCIL / ALDERMEN,24927,CHRISTOPHER,JESSUP,06/22/2022
2121308603,04/01/2022,06/30/2022,NONE,NONE,NONE,NONE,0.00,BUILDINGS,3979,JOHN,SUZUKI,06/30/2022
405256711,10/01/2014,12/31/2014,FRUIT BOX,MICHELLE,NOLAN,PROJECT MANAGER,19.96,PLANNING AND DEVELOPMENT,3992,VIRGINIA,PACE,01/12/2015
3165594360,07/01/2022,09/30/2022,DINNER,DANIEL,LASPATA,ALDER,50.00,CITY COUNCIL / ALDERMEN,18782,JENNIFER,WALLING,10/19/2022
3191160182,07/01/2022,09/30/2022,DINNER,SCOTT,WAGUESPACK,ALDER,50.00,CITY COUNCIL / ALDERMEN,18782,JENNIFER,WALLING,10/19/2022
1135601175,10/01/2021,12/31/2021,NOVELTY T-SHIRT AND 1 DRINK UPON RETIREMENT,JOSEPH,FERGUSON,INSPECTOR GENERAL,20.00,INSPECTOR GENERAL,5127,PAT,DOERR,01/16/2022
2610139351,10/01/2014,12/31/2014,0.00,EDWARD,EBERTSCH,SENIOR AUTOMOTIVE EQUIPMENT ANALYST,0.00,FLEET & FACILITY MANAGEMENT,4063,JODY,JOY,01/07/2015
2529043687,07/01/2014,09/30/2014,0,GERALD,HOLLOWELL,DIRECTOR,0.00,EMERGENCY MANAGEMENT & COMMUNICATIONS,8622,MICHELE,NELSON,10/20/2014
343060511,10/01/2018,12/31/2018,MEAL,ADAM,GYPALO,CHIEF OF STAFF,16.00,CITY COUNCIL / ALDERMEN,3984,RICHARD,ERICKSON,01/11/2019
1915222662,01/01/2019,03/31/2019,MEAL,RAY,LOPEZ,ALDERMAN,10.22,CITY COUNCIL / ALDERMEN,15501,DAVID,GROSS,04/18/2019
2590484237,10/01/2021,12/31/2021,FOOD & BEVERAGE,TRISTAN,KARNEZIS ANGUS,ALDERMANIC AIDE,27.71,CITY COUNCIL / ALDERMEN,25028,ALEXI,MADON,01/17/2022
3978017624,07/01/2022,09/30/2022,DINNER,MARIA,HADDEN,ALDER,50.00,CITY COUNCIL / ALDERMEN,18782,JENNIFER,WALLING,10/19/2022
3143778660,10/01/2022,12/31/2022,0,NICOLE,LEE,ALDERWOMAN,0.00,CITY COUNCIL / ALDERMEN,24700,PAUL,LUU,01/29/2023
645375827,10/01/2022,12/31/2022,NONE,JEAN-PATRICK,LARIVEIRE,PRESIDENT,0.00,FINANCE,15521,JEAN-PATRICK,LARIVIERE,02/07/2023
756840883,10/01/2018,12/31/2018,COOKIES,DAVID,REIFMAN,COMISSIONER OF PLANNING & DEV,37.00,PLANNING AND DEVELOPMENT,5881,STEPHEN,FRIEDMAN,01/16/2019
2549980996,01/01/2023,03/31/2023,N/A,N/A,N/A,N/A,0.00,FINANCE,3820,MORGAN,BASSEY,03/31/2023
3521116431,10/01/2016,12/31/2016,COOKIES,KATHLEEN,DICKHUT,DEPUTY COMMISSIONER,20.00,PLANNING AND DEVELOPMENT,4177,STEPHEN,FRIEDMAN,01/13/2017
2496944706,10/01/2021,12/31/2021,FOOD & BEVERAGE,MATTHEW,O'SHEA,ALDERMAN,27.71,CITY COUNCIL / ALDERMEN,25028,ALEXI,MADON,01/17/2022
2498944520,07/01/2015,09/30/2015,NONE,NONE,NONE,NONE,0.00,BUILDINGS,3979,JOHN,SUZUKI,09/30/2015
3520048362,07/01/2018,09/30/2018,MEAL,TONI,FOULKES,ALDERMAN,26.00,CITY COUNCIL / ALDERMEN,12761,M. ELAYNE,GRANGER,10/11/2018
3773468345,01/01/2016,03/31/2016,NONE,NONE,NONE,NONE,0.00,BUILDINGS,3979,JOHN,SUZUKI,05/02/2016
3241989865,10/01/2014,12/31/2014,FRUIT BOX,TIM,VEENSTRA,SENIOR REAL ESTATE DEVELOPMENT MANAGER,19.96,CHICAGO HOUSING AUTHORITY,4096,LAWRENCE,PUSATERI,01/15/2015
2962014907,01/01/2023,03/31/2023,FOOD/BEVERAGE,BRENDAN,REILLY,ALDERMAN,22.22,CITY COUNCIL / ALDERMEN,24776,REBECCA,NOVAK,04/06/2023
4089391887,10/01/2021,12/31/2021,LUNCH,CORNELIA,DAWSON,"CHIEF OF STAFF, ALERMAN MOORE",35.29,CITY COUNCIL / ALDERMEN,25195,JUATISE,GATHINGS,01/18/2022
2310379145,04/01/2018,06/30/2018,FOOD/BEVERAGE,DEBRA,SILVERSTEIN,ALDERMAN,42.00,CITY COUNCIL / ALDERMEN,9441,JASON,LUNDERMAN,07/17/2018
1140983224,07/01/2019,09/30/2019,MEAL/LUNCH,CONNOR,BRASHEAR,CHIEF OF STAFF TO CFO,18.95,CITY TREASURER,15423,OMAR,DAGHESTANI,10/16/2019
1180188019,07/01/2019,09/30/2019,NONE,NONE,NONE,NONE,0.00,BUILDINGS,3979,JOHN,SUZUKI,10/01/2019
1558170405,01/01/2023,03/31/2023,NONE,NONE,NONE,NONE,0.00,BUILDINGS,3979,JOHN,SUZUKI,04/09/2023
1355145686,04/01/2017,06/30/2017,NONE,NONE,NONE,NONE,0.00,BUILDINGS,3979,JOHN,SUZUKI,06/28/2017
3041463105,10/01/2021,12/31/2021,NONE,NONE,NONE,NONE,0.00,BUILDINGS,3979,JOHN,SUZUKI,01/18/2022
1536734029,04/01/2017,06/30/2017,0,STEVEN,GINSBERG,ATTORNEY,0.00,CHICAGO PUBLIC SCHOOLS,3988,STEVEN,GINSBERG,07/05/2017
2313839901,10/01/2021,12/31/2021,BREAKFAST,EMMA,MITTS,ALDERMAN,18.00,CITY COUNCIL / ALDERMEN,23424,MARGARET,HOULIHAN SMITH,01/19/2022
2463281286,10/01/2021,12/31/2021,$100,DANIEL,LASPATA,ALDERMAN,100.00,CITY COUNCIL / ALDERMEN,24141,LAURIE,GLENN,01/21/2022
4160889079,04/01/2018,06/30/2018,LALO'S,VIGLIELMO,DAVID,CDOT/DEO,44.70,TRANSPORTATION,19186,ROBERT,WILSON,07/18/2018
3155090714,10/01/2021,12/31/2021,DINNER,BYRON,SIGCHO-LOPEZ,ALDERMAN,21.22,CITY COUNCIL / ALDERMEN,24927,CHRISTOPHER,JESSUP,01/27/2022
1374329742,10/01/2021,12/31/2021,0,BRYON,SIGCHO-LOPEZ,ALDERMAN,0.00,CITY COUNCIL / ALDERMEN,24700,PAUL,LUU,01/28/2022
1375360234,01/01/2022,03/31/2022,NONE,NONE,NONE,NONE,0.00,BUILDINGS,3979,JOHN,SUZUKI,03/30/2022
1337501780,01/01/2022,03/31/2022,0,NA,NA,NA,0.00,311 CITY SERVICES,25483,BRYAN,ZAROU,03/30/2022
2104900204,07/01/2022,09/30/2022,DRINKS,JENNIE,BENNETT,CFO,41.00,FINANCE,21844,WILLIAM,DALEY,10/20/2022
3318061812,04/01/2019,06/30/2019,NONE,JAMES,WEISS,MR,0.00,CITY COUNCIL / ALDERMEN,22642,PAUL,MORRIS,07/17/2019
3030576783,07/01/2022,09/30/2022,DRINKS,JACK,BROFMAN,DEPUTY CFO,41.00,FINANCE,21844,WILLIAM,DALEY,10/20/2022
2040819821,07/01/2022,09/30/2022,N/A,ANGELA,LARSEN,MS.,0.00,PLANNING AND DEVELOPMENT,25250,ANGELA,LARSEN,10/21/2022
1194532582,04/01/2018,06/30/2018,FOOD/BEVERAGE,TONI,FOULKES,ALDERMAN,42.00,CITY COUNCIL / ALDERMEN,6181,YAFAWN,SMITH,07/17/2018
1030346186,10/01/2019,12/31/2019,BOOK,SAMIR,MAYEKAR,DEPUTY MAYOR,18.00,MAYORS OFFICE,22022,AMY,WAGGONER,01/08/2020
3098685300,07/01/2023,09/30/2023,NONE,NONE,NONE,NONE,0.00,BUILDINGS,3979,JOHN,SUZUKI,09/29/2023
96800293,04/01/2015,06/30/2015,REFRESHMENTS AND LUNCH,KAREN,DREYFUSS,48TH WARD EDUCATION LIAISON,22.47,CITY COUNCIL / ALDERMEN,8081,OLGA,GUTIERREZ,07/16/2015
541073953,04/01/2023,06/30/2023,NA,PATRICIA,MCGILL,MS,0.00,BUILDINGS,25728,PATRICIA,MCGILL,06/30/2023
3651564160,07/01/2014,09/30/2014,BOOK & NOTEBOOK AND YOUTH AMBASSADOR LUNCHEON 7/9/14,TONI,FOULKES,ALD,35.00,CITY COUNCIL / ALDERMEN,3878,MICHAEL,GUERRA,10/15/2014
1203774837,10/01/2022,12/31/2022,GIFT BOX OF SAMPLE PRODUCTS,BRIAN,HOPKINS,ALDERMAN,23.95,CITY COUNCIL / ALDERMEN,25411,NICHOLAS,PROBST,12/19/2022
4040700807,07/01/2017,09/30/2017,N/A,N/A,N/A,N/A,0.00,FINANCE,3820,MORGAN,BASSEY,10/04/2017
2697614777,07/01/2018,09/30/2018,MEAL,RODERICK,SAWYER,ALDERMAN,21.95,CITY COUNCIL / ALDERMEN,12761,M. ELAYNE,GRANGER,10/12/2018
3103767368,07/01/2019,09/30/2019,HAT,LORI,LIGHTFOOT,MAYOR,10.00,MAYORS OFFICE,24286,TOM,FEENEY,11/06/2019
492792249,10/01/2022,12/31/2022,GIFT BOX OF SAMPLE PRODUCTS,DANIEL,LASPATA,ALDERMAN,23.95,CITY COUNCIL / ALDERMEN,25411,NICHOLAS,PROBST,12/19/2022
3032434497,10/01/2022,12/31/2022,GIFT BOX OF SAMPLE PRODUCTS,MARIA,HADDEN,ALDERWOMAN,23.95,CITY COUNCIL / ALDERMEN,25411,NICHOLAS,PROBST,12/19/2022
4014661590,10/01/2015,12/31/2015,LUNCH,WILL,BURNS,ALDERMAN,18.47,CITY COUNCIL / ALDERMEN,3739,COURTNEY,NOTTAGE,01/05/2016
1297278465,10/01/2016,12/31/2016,MEAL / DINNER,SCOTT,YONOVER,DEPUTY DIRECTOR OF FINANCIAL POLICY,45.00,FINANCE,14185,MICHAEL,HAMILTON,01/20/2017
929349842,10/01/2014,12/31/2014,FRUIT BOX,ANNA,BOOTH,ANALYST,19.96,PLANNING AND DEVELOPMENT,3992,VIRGINIA,PACE,01/12/2015
1008543677,10/01/2014,12/31/2014,FRUIT BOX,BILL,POVALA,MONITORING,19.96,PLANNING AND DEVELOPMENT,3992,VIRGINIA,PACE,01/12/2015
525274999,10/01/2022,12/31/2022,GIFT BOX OF SAMPLE PRODUCTS,SCOTT,WAGUESPACK,ALDERMAN,23.95,CITY COUNCIL / ALDERMEN,25411,NICHOLAS,PROBST,12/19/2022
2322919392,10/01/2022,12/31/2022,GIFT BOX OF SAMPLE PRODUCTS,ANDRE,VASQUEZ,ALDERMAN,23.95,CITY COUNCIL / ALDERMEN,25411,NICHOLAS,PROBST,12/19/2022
3144875228,10/01/2022,12/31/2022,GIFT BOX OF SAMPLE PRODUCTS,SAMANTHA,NUGENT,ALDERMAN,23.95,CITY COUNCIL / ALDERMEN,25411,NICHOLAS,PROBST,12/19/2022
1124006966,10/01/2022,12/31/2022,GIFT BOX OF SAMPLE PRODUCTS,LORI,LIGHTFOOT,MAYOR,23.95,MAYORS OFFICE,25411,NICHOLAS,PROBST,12/19/2022
2356317228,10/01/2022,12/31/2022,GIFT BOX OF SAMPLE PRODUCTS,SOPHIA,KING,ALDERMAN,23.95,CITY COUNCIL / ALDERMEN,25411,NICHOLAS,PROBST,12/19/2022
1995825343,10/01/2017,12/31/2017,FOOD AND BEVERAGE,SOPHIA,KING,ALDERMAN,25.00,CITY COUNCIL / ALDERMEN,13342,JILL,SZUCHMACHER,01/19/2018
3980364516,10/01/2022,12/31/2022,GIFT BOX OF SAMPLE PRODUCTS,CARLOS,RAMIREZ-ROSA,ALDERMAN,23.95,CITY COUNCIL / ALDERMEN,25411,NICHOLAS,PROBST,12/19/2022
3927449470,07/01/2019,09/30/2019,NONE,NONE,NONE,N/A,0.00,MAYORS OFFICE,23621,JONATHAN,HART,10/18/2019
1246014943,10/01/2022,12/31/2022,0,SHARON,GRANT,PRESIDENT,0.00,BOARD OF ETHICS,25469,SHARON,GRANT,12/20/2022
967282249,01/01/2019,03/31/2019,MEAL,GEORGE,CARDENAS,ALDERMAN,21.27,CITY COUNCIL / ALDERMEN,15501,DAVID,GROSS,04/18/2019
226849314,10/01/2018,12/31/2018,COOKIES,TIM,JEFFRIES,DEPUTY COMMISSIONER TIF ADMIN,25.00,PLANNING AND DEVELOPMENT,5881,STEPHEN,FRIEDMAN,01/16/2019
4156128531,10/01/2022,12/31/2022,NECKTIE,BRIAN,HOPKINS,ALDERMAN,77.18,CITY COUNCIL / ALDERMEN,11463,SUSAN,HAYES GORDON,12/28/2022
3744337689,01/01/2015,03/31/2015,NONE,NONE,NONE,NONE,0.00,AVIATION,3781,ERIC,LOCKE,04/14/2015
1528821046,10/01/2022,12/31/2022,N/A,N/A,N/A,N/A,0.00,FINANCE,3820,MORGAN,BASSEY,01/03/2023
3078804690,10/01/2022,12/31/2022,NONE,NONE,NONE,NONE,0.00,BUILDINGS,3979,JOHN,SUZUKI,01/17/2023
140176740,01/01/2018,03/31/2018,BOOK,EDWARD,BURKE,ALDERMAN,40.00,CITY COUNCIL / ALDERMEN,3847,GRAHAM,GRADY,01/17/2019
3255538203,01/01/2018,03/31/2018,FORD BOOK AND A CAP,ED,BURKE,COUNCILMAN,40.00,CITY COUNCIL / ALDERMEN,20581,ANTHONY,REINHART,04/25/2018
3260649838,10/01/2022,12/31/2022,COFFEE,JACK,BROFMAN,DEPUTY CFO,4.95,FINANCE,20566,COLLIN,TEAGUE,01/19/2023
1741951037,04/01/2015,06/30/2015,REFRESHMENTS AND LUNCH,JOANNA,HAZELDEN,BRANCH MANAGER,22.47,LIBRARY,8081,OLGA,GUTIERREZ,07/16/2015
3914117409,10/01/2022,12/31/2022,CHICAGOLAND CHAMBER OF COMMERCE BURNHAM AWARD DINNER,ELIZABETH,BEATTY,DEPUTY MAYOR,45.00,MAYORS OFFICE,25493,JAMES (JAMIE),PONCE,01/20/2023
1730971797,10/01/2018,12/31/2018,COOKIES,KATHLEEN,DICKHUT,DEPUTY COMMISSIONER,25.00,PLANNING AND DEVELOPMENT,5881,STEPHEN,FRIEDMAN,01/16/2019
3529142834,10/01/2022,12/31/2022,0,0,0,0,0.00,ADMINISTRATIVE HEARINGS,25242,ISSAC,RIGGS,01/26/2023
2636056105,01/01/2016,03/31/2016,N/A,BRITTANY,PETERSON,MRS,0.00,BOARD OF ETHICS,13261,BRITTANY,PETERSON,04/11/2016
241320429,01/01/2016,03/31/2016,BREAKFAST MEETING,GEORGE,HELDING,SPECIAL ASSISTANT TO THE CITY TREASURER,40.00,CITY TREASURER,8381,STACY,STOLL,04/18/2016
3387687441,01/01/2023,03/31/2023,DINNER AT IL GOVERNMENT AFFAIRS GROUP,SAMIR,MAYEKAR,DEPUTY MAYOR,50.00,MAYORS OFFICE,4214,MONICA,MUELLER,04/11/2023
2491037412,10/01/2016,12/31/2016,MEAL,WALTER,BURNETT,ALD,44.82,CITY COUNCIL / ALDERMEN,5107,MARLOW,COLVIN,02/08/2017
1451025622,01/01/2023,03/31/2023,0,CARMEN,ROSSI,LOBBIEST,0.00,HOUSING AND ECONOMIC DEVELOPMENT,23741,CARMEN,ROSSI,09/29/2023
3936010042,01/01/2023,03/31/2023,LUNCH MEAL,SAMIR,MAYEKAR,DEPUTY MAYOR,28.00,MAYORS OFFICE,24763,LYNNETTE,CRANDALL,04/17/2023
830912746,10/01/2014,12/31/2014,FRUIT BOX,KARI,SABA,VP MANAGEMENT,19.96,CHICAGO HOUSING AUTHORITY,4096,LAWRENCE,PUSATERI,01/15/2015
802431761,07/01/2015,09/30/2015,LUNCH,PAT,DOWELL,3RD WARD,129.58,CITY COUNCIL / ALDERMEN,3895,JAMES,SULLIVAN,10/05/2015
1241168163,07/01/2017,09/30/2017,0,LISSA,CHRISTMAN,LOBBYIST,0.00,CITY COUNCIL / ALDERMEN,15661,LISSA,CHRISTMAN,10/16/2017
2130382189,07/01/2016,09/30/2016,NONE,JEFF,ROCK,VP ENFORCEMENT,0.00,FINANCE,13601,JEFF,ROCK,10/03/2016
148962788,01/01/2023,03/31/2023,BREAKFAST,GIL,VILLEGAS,ALDERMAN,14.00,CITY COUNCIL / ALDERMEN,26862,JENNIFER,KOEHLER,04/20/2023
1106110765,01/01/2023,03/31/2023,0,NICOLE,LEE,ALDERWOMAN,0.00,CITY COUNCIL / ALDERMEN,24700,PAUL,LUU,04/24/2023
4247885346,10/01/2023,12/31/2023,0,BISHAL,MASKEY,FORMER CFO,0.00,FAMILY AND SUPPORT SERVICES,26964,BISHAL,MASKEY,12/05/2023
4167475308,04/01/2023,06/30/2023,SOUP,JENNIFER,JOHNSON,DEPUTY MAYOR FOR EDUCATION AND HUMAN SERVICES,8.00,MAYORS OFFICE,27841,EMMA,TAI,07/04/2023
1842254332,07/01/2014,09/30/2014,BOOK & NOTEBOOK AT YOUTH AMBASSADOR LUNCHEON 7/9/14,JOE,MORENO,ALD,35.00,CITY COUNCIL / ALDERMEN,3878,MICHAEL,GUERRA,10/15/2014
88893036,10/01/2017,12/31/2017,MEAL,MICHELLE,HARRIS,ALDERMAN,42.08,CITY COUNCIL / ALDERMEN,5107,MARLOW,COLVIN,01/04/2018
3037736625,04/01/2016,06/30/2016,0,ANTHONY,GUEST,POLITICAL COORDINATOOR,0.00,CITY COUNCIL / ALDERMEN,3750,ANTHONY,GUEST,06/30/2016
455111698,07/01/2023,09/30/2023,0,BISHAL,MASKEY,FORMER CFO,0.00,FAMILY AND SUPPORT SERVICES,26964,BISHAL,MASKEY,12/05/2023
862491639,07/01/2018,09/30/2018,0,NONE,NONE,NONE,0.00,BUILDINGS,3979,JOHN,SUZUKI,10/01/2018
1635324210,01/01/2014,03/31/2014,LUNCHEON,MARGARET,LAURINO,ALDERMAN,25.00,CITY COUNCIL / ALDERMEN,4005,MARGARET,HOULIHAN SMITH,04/15/2014
2969396633,10/01/2016,12/31/2016,COOKIES,MARY,BONOME,DEPUTY COMMISSIONER BUSINESS DEV,20.00,PLANNING AND DEVELOPMENT,4177,STEPHEN,FRIEDMAN,01/13/2017
3864890256,10/01/2023,12/31/2023,N/A,N/A,N/A,N/A,0.00,FINANCE,3820,MORGAN,BASSEY,12/29/2023
3192518970,01/01/2018,03/31/2018,NA,LEWIS W,"POWELL, III",ATTORNEY,0.00,HOUSING AND ECONOMIC DEVELOPMENT,3955,LEWIS,POWELL,04/18/2018
1780608368,07/01/2014,09/30/2014,NONE,NONE,NONE,NONE,0.00,AVIATION,3781,ERIC,LOCKE,10/10/2014
623598552,10/01/2023,12/31/2023,NONE,NONE,NONE,NONE,0.00,BUILDINGS,3979,JOHN,SUZUKI,01/08/2024
399985403,10/01/2023,12/31/2023,NONE,LLOYD,CHATFIELD,GENERAL COUNSEL,0.00,LAW DEPARTMENT,28664,LLOYD,CHATFIELD,01/19/2024
1669901755,04/01/2015,06/30/2015,REFRESHMENTS AND LUNCH,BILL,YEH,ASSISTANT PRINCIPAL,22.47,CHICAGO PUBLIC SCHOOLS,8081,OLGA,GUTIERREZ,07/16/2015
698926713,01/01/2014,03/31/2014,LUNCHEON,HARRY,OSTERMAN,ALDERMAN,25.00,CITY COUNCIL / ALDERMEN,4005,MARGARET,HOULIHAN SMITH,04/15/2014
468013396,04/01/2017,06/30/2017,0,NONE,NONE,NONE,0.00,HEALTH DEPARTMENT,17741,RUBY,HAUGHTON,07/18/2017
1236111510,10/01/2017,12/31/2017,N/A,N/A,N/A,N/A,0.00,FINANCE,3820,MORGAN,BASSEY,01/05/2018
2415563417,10/01/2022,12/31/2022,MEAL,LAMONT,ROBINSON,ALDERPERSON,46.00,CITY COUNCIL/ALDERPERSONS,12521,BENJAMIN,JACKSON,01/21/2024
689185470,04/01/2015,06/30/2015,REFRESHMENTS AND LUNCH,STEPHEN,TOW,TECHNOLOGY COORDINATOR,22.47,CHICAGO PUBLIC SCHOOLS,8081,OLGA,GUTIERREZ,07/16/2015
694353932,07/01/2023,09/30/2023,0,0,0,0,0.00,POLICE DEPARTMENT,25242,ISSAC,RIGGS,01/23/2024
904179751,07/01/2019,09/30/2019,NA,LEWIS W,"POWELL, III",ATTORNEY,0.00,PLANNING AND DEVELOPMENT,3955,LEWIS,POWELL,10/15/2019
3863214286,07/01/2019,09/30/2019,N/A,N/A,N/A,N/A,0.00,FIRE DEPARTMENT,3820,MORGAN,BASSEY,10/06/2019
2169497107,07/01/2018,09/30/2018,0,CASEY,DAN,DEPUTY DIRECTOR,0.00,EMERGENCY MANAGEMENT & COMMUNICATIONS,20210,KEN,LUKOWSKI,09/28/2018
2091262630,01/01/2023,03/31/2023,0,0,0,0,0.00,BUILDINGS,25242,ISSAC,RIGGS,01/23/2024
2583942825,07/01/2015,09/30/2015,LUNCH,WILL,BURNS,4TH WARD,129.58,CITY COUNCIL / ALDERMEN,3895,JAMES,SULLIVAN,10/23/2015
3137808711,04/01/2016,06/30/2016,NA,GLEN,LYMAN,CHIEF,0.00,FIRE DEPARTMENT,14662,JAMES,RICHARDSON,07/22/2016
599307428,10/01/2023,12/31/2023,0,0,RIGGS,0,0.00,BUDGET AND MANAGEMENT,25242,ISSAC,RIGGS,01/23/2024
2091262630,01/01/2023,03/31/2023,0,0,0,0,0.00,MAYORS OFFICE,25242,ISSAC,RIGGS,01/23/2024
2412092980,04/01/2023,06/30/2023,0,ISSAC,RIGGS,0,0.00,BUILDINGS,25242,ISSAC,RIGGS,01/23/2024
2091262630,01/01/2023,03/31/2023,0,0,0,0,0.00,TRANSPORTATION,25242,ISSAC,RIGGS,01/23/2024
2865381549,01/01/2020,03/31/2020,NO,JEAN,XOUBI,SR. VICE PRESIDENT,0.00,EMERGENCY MANAGEMENT & COMMUNICATIONS,24906,JEAN,XOUBI,02/09/2024
2044724329,04/01/2023,06/30/2023,0,LESLIE,SANDERS,CEO,0.00,BOARD OF ETHICS,14602,LESLIE,SANDERS,07/06/2023
3253486091,01/01/2016,03/31/2016,MEAL,MICHAEL,SCOTT,ALDERMAN,45.00,CITY COUNCIL / ALDERMEN,11661,MICHAEL,REEVER,04/19/2016
743795042,10/01/2016,12/31/2016,N/A,N/A,N/A,N/A,0.00,FINANCE,3820,MORGAN,BASSEY,01/03/2017
2968252284,04/01/2023,06/30/2023,N/A,N/A,N/A,N/A,0.00,FINANCE,3820,MORGAN,BASSEY,07/10/2023
2194645735,01/01/2024,03/31/2024,N/A,N/A,N/A,N/A,0.00,BOARD OF ETHICS,27822,MICHAEL,SCOTT,03/26/2024
3569758414,07/01/2019,09/30/2019,MEAL/LUNCH,ASHLEY,EVANS,DEPUTY CHIEF INVESTMENT OFFICER,18.95,CITY TREASURER,15423,OMAR,DAGHESTANI,10/16/2019
4170908917,04/01/2023,06/30/2023,0,BISHAL,MASKEY,CFO,0.00,BOARD OF ETHICS,26964,BISHAL,MASKEY,07/10/2023
1542771488,01/01/2024,03/31/2024,N/A,N/A,N/A,ALDERMAN,0.00,CITY COUNCIL/ALDERPERSONS,27822,MICHAEL,SCOTT,03/26/2024
2643907572,07/01/2015,09/30/2015,N/A,N/A,N/A,N/A,0.00,FINANCE,3820,MORGAN,BASSEY,09/28/2015
2736712087,01/01/2024,03/31/2024,MEAL,WILLIAM,HALL,ALDERPERSON,27.00,CITY COUNCIL/ALDERPERSONS,24381,KRISTOPHER,ANDERSON,04/02/2024
409065880,07/01/2014,09/30/2014,LUNCH,ADAM,GYPALO,CHIEF OF STAFF,13.98,CITY COUNCIL / ALDERMEN,3984,RICHARD,ERICKSON,10/20/2014
3060008937,04/01/2019,06/30/2019,N/A,N/A,N/A,N/A,0.00,FINANCE,3820,MORGAN,BASSEY,07/08/2019
1098300211,04/01/2023,06/30/2023,"BOXED LUNCH, CONTINENTAL BREAKFAST",THYAITIRIA,TOWNS,DEPUTY COMMISSIONER,15.45,AVIATION,24381,KRISTOPHER,ANDERSON,07/13/2023
18014013,04/01/2023,06/30/2023,"BOXED LUNCH, CONTINENTAL BREAKFAST",MATT,O'SHEA,ALDERMAN,15.45,CITY COUNCIL / ALDERMEN,24381,KRISTOPHER,ANDERSON,07/13/2023
136608230,07/01/2017,09/30/2017,BASEBALL TICKET,MICHELLE,HARRIS,ALDERMAN,45.00,CITY COUNCIL / ALDERMEN,10741,EVA-DINA,DELGADO,09/28/2017
859220522,04/01/2023,06/30/2023,"BOXED LUNCH, CONTINENTAL BREAKFAST",BENNETT,LAWSON,CHIEF OF STAFF,15.45,CITY COUNCIL / ALDERMEN,24381,KRISTOPHER,ANDERSON,07/13/2023
61597591,07/01/2015,09/30/2015,LUNCH,WILLIAM,BURNS,ALDERMAN,23.40,CITY COUNCIL / ALDERMEN,3913,JACLENE,ROBINSON-IVY,10/19/2015
3863214286,07/01/2019,09/30/2019,N/A,N/A,N/A,N/A,0.00,LEGISLATIVE COUNCIL & GOV'T AFFAIRS,21002,PATRICK,COLLINS,10/16/2019
269229109,04/01/2023,06/30/2023,"BOXED LUNCH, CONTINENTAL BREAKFAST",MICHELLE,HARRIS,ALDERMAN,15.45,CITY COUNCIL / ALDERMEN,24381,KRISTOPHER,ANDERSON,07/13/2023
4150597147,07/01/2015,09/30/2015,LUNCH,DAVID,MOORE,17TH WARD,129.58,CITY COUNCIL / ALDERMEN,3895,JAMES,SULLIVAN,10/23/2015
3839079481,04/01/2023,06/30/2023,"BOXED LUNCH, CONTINENTAL BREAKFAST",GIL,VILLEGAS,ALDERMAN,15.45,CITY COUNCIL / ALDERMEN,24381,KRISTOPHER,ANDERSON,07/13/2023
2788828095,04/01/2023,06/30/2023,NONE,NONE,NONE,NONE,0.00,BUILDINGS,3979,JOHN,SUZUKI,07/17/2023
2717968910,04/01/2023,06/30/2023,0,N/A,N/A,N/A,0.00,MAYORS OFFICE,27822,MICHAEL,SCOTT,07/19/2023
1946104013,01/01/2023,03/31/2023,LUNCH,JASON,ERVIN,ALDERMAN,30.00,CITY COUNCIL / ALDERMEN,24322,ADRIANN,MURAWSKI,07/20/2023
3268451865,10/01/2017,12/31/2017,MEAL,ROD,SAWYER,ALDERMAN,22.00,CITY COUNCIL / ALDERMEN,3984,RICHARD,ERICKSON,01/15/2018
2072045131,01/01/2017,03/31/2017,N/A,N/A,N/A,N/A,0.00,FINANCE,3820,MORGAN,BASSEY,04/03/2017
557826628,07/01/2019,09/30/2019,NONE,JAMES,WEISS,MR,0.00,CITY COUNCIL / ALDERMEN,22642,PAUL,MORRIS,10/17/2019
3997476558,07/01/2023,09/30/2023,N/A,N/A,N/A,N/A,0.00,FINANCE,3820,MORGAN,BASSEY,10/04/2023
264929406,04/01/2015,06/30/2015,BREAKFAST,RAYMOND,LOPEZ,ALDERMAN,42.00,CITY COUNCIL / ALDERMEN,4301,DANIEL,LYNCH,07/15/2015
2288555095,07/01/2017,09/30/2017,NA,LEWIS W,"POWELL, III",ATTORNEY,0.00,HOUSING AND ECONOMIC DEVELOPMENT,3955,LEWIS,POWELL,10/18/2017
2194645735,01/01/2024,03/31/2024,N/A,N/A,N/A,N/A,0.00,FINANCE,3820,MORGAN,BASSEY,04/04/2024
215574170,10/01/2016,12/31/2016,COOKIES,SCOTT,YONOVER,DIRECTOR,25.00,FINANCE,12242,MICHAEL,NICHOLS,01/12/2017
3997476558,07/01/2023,09/30/2023,N/A,N/A,N/A,N/A,0.00,311 CITY SERVICES,27822,MICHAEL,SCOTT,10/12/2023
3234963341,04/01/2016,06/30/2016,MEAL/DRINK,RODERICK,SAWYER,ALDERMAN,32.00,CITY COUNCIL / ALDERMEN,11661,MICHAEL,REEVER,07/19/2016
1520833262,07/01/2015,09/30/2015,LUNCH,RODERICK,SAWYERS,6TH WARD,129.58,CITY COUNCIL / ALDERMEN,3895,JAMES,SULLIVAN,10/23/2015
506940193,01/01/2019,03/31/2019,NONE,DAN,CASEY,DEPUTY DIRECTOR,0.00,EMERGENCY MANAGEMENT & COMMUNICATIONS,20210,KEN,LUKOWSKI,04/01/2019
3216400178,04/01/2019,06/30/2019,NA,LEWIS W,"POWELL, III",ATTORNEY,0.00,PLANNING AND DEVELOPMENT,3955,LEWIS,POWELL,07/16/2019
1372236501,10/01/2017,12/31/2017,BOOK,EDWARD,BURKE,MR,20.00,CITY COUNCIL / ALDERMEN,4064,WILLIAM,FILAN,12/22/2017
1474334953,07/01/2023,09/30/2023,LUNCH,TYRICIA,BRADLEY,FINANCIAL POLICY,15.00,FINANCE,25126,KRISTI,LAFLEUR,10/18/2023
3758672939,07/01/2023,09/30/2023,LUNCH,CHIP,HASTINGS,DEPUTY DIRECTOR OF FINANCIAL POLICY,15.00,FINANCE,25126,KRISTI,LAFLEUR,10/18/2023
3883153830,07/01/2023,09/30/2023,LUNCH,CHIP,JAWORSKI,CFO,15.00,FINANCE,25126,KRISTI,LAFLEUR,10/18/2023
933878032,07/01/2023,09/30/2023,SODA/LUNCH,DANIEL,LA SPATA,ALDERPERSON,5.00,CITY COUNCIL / ALDERMEN,27961,SAMIRA,HANESSIAN,10/19/2023
3322475437,07/01/2023,09/30/2023,BOTTLE OF MALORT,ANGELA,TOVAR,CHIEF SUSTAINABILITY OFFICER,27.00,OFFICE OF CLIMATE AND ENVIRONMENTAL EQUITY,27006,KIMBERLY,WASSERMAN,10/26/2023
1124141154,07/01/2018,09/30/2018,MEAL,MICHAEL,"SCOTT, JR.",ALDERMAN,26.00,CITY COUNCIL / ALDERMEN,12761,M. ELAYNE,GRANGER,10/11/2018
2798244348,04/01/2020,06/30/2020,NO,JEAN,XOUBI,SR. VICE PRESIDENT,0.00,FAMILY AND SUPPORT SERVICES,24906,JEAN,XOUBI,02/09/2024
1625826632,07/01/2016,09/30/2016,N/A,GLEN,LYMAN,CHIEF,0.00,FIRE DEPARTMENT,15321,AMIT,KAPOOR,02/01/2017
2100393990,07/01/2018,09/30/2018,MEAL,RAYMOND,LOPEZ,ALDERMAN,26.00,CITY COUNCIL / ALDERMEN,12761,M. ELAYNE,GRANGER,10/11/2018
3036907788,01/01/2024,03/31/2024,MEAL,PETER,CHICO,ALDERMAN,30.00,CITY COUNCIL/ALDERPERSONS,25500,AMY,MASTERS,04/22/2024
4189556227,01/01/2024,03/31/2024,MEAL,ANTHONY,BEALE,ALDERMAN,40.00,CITY COUNCIL/ALDERPERSONS,25500,AMY,MASTERS,04/22/2024
4044171697,04/01/2024,06/30/2024,0,ISSAC,RIGGS,COO,0.00,"ASSETS, INFORMATION & SERVICES (AIS)",25242,ISSAC,RIGGS,06/24/2024
900804828,01/01/2019,03/31/2019,MEAL,DEB,SILVERSTEIN,ALDERMAN,3.80,CITY COUNCIL / ALDERMEN,15501,DAVID,GROSS,04/18/2019
444070918,10/01/2016,12/31/2016,MEAL,MICHELLE,SMITH,ALD,44.82,CITY COUNCIL / ALDERMEN,5107,MARLOW,COLVIN,02/08/2017
964914895,04/01/2014,06/30/2014,NONE,NONE,NONE,NONE,0.00,BUILDINGS,3979,JOHN,SUZUKI,07/11/2014
4258803251,01/01/2018,03/31/2018,NONE,NONE,NONE,NONE,0.00,BUILDINGS,3979,JOHN,SUZUKI,04/05/2018
946814526,04/01/2024,06/30/2024,0,N/A,N/A,N/A,0.00,311 CITY SERVICES,27822,MICHAEL,SCOTT,06/28/2024
2596565829,10/01/2014,12/31/2014,0,NONE,NONE,NONE,0.00,BUILDINGS,3979,JOHN,SUZUKI,01/13/2015
4254913344,04/01/2024,06/30/2024,N/A,N/A,N/A,N/A,0.00,ADMINISTRATIVE HEARINGS,27822,MICHAEL,SCOTT,06/28/2024
1423383121,04/01/2024,06/30/2024,HAT,LAMONT,ROBINSON,ALDERMAN,12.99,CITY COUNCIL/ALDERPERSONS,28666,MIMI,COWAN,07/01/2024
4254913344,04/01/2024,06/30/2024,N/A,N/A,N/A,N/A,0.00,FINANCE,3820,MORGAN,BASSEY,07/03/2024
4140983347,04/01/2024,06/30/2024,NONE,LLOYD,CHATFIELD,GENERAL COUNSEL,0.00,LAW DEPARTMENT,28664,LLOYD,CHATFIELD,07/03/2024
2408719141,04/01/2018,06/30/2018,MEAL,"PROCCO ""JOE""",MORENO,ALDERMAN,36.00,CITY COUNCIL / ALDERMEN,3984,RICHARD,ERICKSON,07/13/2018
3677447234,04/01/2024,06/30/2024,TICKET,BENNETT,LAWSON,ALDERMAN,165.00,CITY COUNCIL/ALDERPERSONS,18701,HEATHER WAY,KITZES,07/18/2024
1493866755,04/01/2024,06/30/2024,WATER,BRANDON,JOHNSON,MAYOR,7.19,MAYORS OFFICE,18701,HEATHER WAY,KITZES,07/18/2024
151296147,07/01/2015,09/30/2015,MEAL,ADAM,GYPALO,CHIEF OF STAFF,8.95,CITY COUNCIL / ALDERMEN,3984,RICHARD,ERICKSON,10/09/2015
4251100589,07/01/2018,09/30/2018,0,JASON,ERVIN,ALDERMAN,0.00,LEGISLATIVE COUNCIL & GOV'T AFFAIRS,4312,TANYA,TRICHE - DAWOOD,10/09/2018
2269562002,01/01/2014,03/31/2014,LUNCHEON,DEBRA,SILVERSTEIN,ALDERMAN,25.00,CITY COUNCIL / ALDERMEN,4005,MARGARET,HOULIHAN SMITH,04/15/2014
3659346623,04/01/2018,06/30/2018,SMALL PARKING METER BANK,BENJAMIN,DAVIDSON,PROJ. ADMIN.,25.00,FINANCE,16042,MIKE,GINTER,07/06/2018
3526359736,04/01/2018,06/30/2018,NONE,NONE,NONE,NONE,0.00,BUILDINGS,3979,JOHN,SUZUKI,07/11/2018
1236111510,10/01/2017,12/31/2017,N/A,N/A,N/A,N/A,0.00,CITY COUNCIL / ALDERMEN,17062,PAMELA,LOUIK,12/18/2017
2105235252,01/01/2016,03/31/2016,N/A,MARGARET,ANDERSON,PARTNER,20000.00,TRANSPORTATION,11721,MARGARET,ANDERSON,07/20/2016
1026157355,01/01/2014,03/31/2014,N/A,N/A,N/A,N/A,0.00,PARK DISTRICT,3988,STEVEN,GINSBERG,04/10/2014
3086169544,01/01/2019,03/31/2019,N/A,N/A,N/A,N/A,0.00,FINANCE,3820,MORGAN,BASSEY,04/03/2019
2016104716,01/01/2018,03/31/2018,FOOD/BEVERAGE,WALTER,"BURNETT, JR.",ALDERMAN,42.26,CITY COUNCIL / ALDERMEN,9441,JASON,LUNDERMAN,04/20/2018
3035824118,04/01/2014,06/30/2014,PLANT,RAHM,EMANUEL,MAYOR,35.00,MAYORS OFFICE,9462,KAREN,KENT,07/23/2014
1368288137,10/01/2016,12/31/2016,MEAL,DARLENA,BURNETT,WIFE OF ALD,44.82,CITY COUNCIL / ALDERMEN,5107,MARLOW,COLVIN,02/08/2017
4107277021,04/01/2017,06/30/2017,NA,LEWIS W,"POWELL, III",ATTORNEY,0.00,HOUSING AND ECONOMIC DEVELOPMENT,3955,LEWIS,POWELL,07/17/2017
488948844,07/01/2014,09/30/2014,BOOK & NOTEBOOK AT YOUTH AMBASSADOR LUNCHEON 7/9/14,RAY,SUAREZ,ALD,35.00,CITY COUNCIL / ALDERMEN,3878,MICHAEL,GUERRA,10/15/2014
3549018820,10/01/2017,12/31/2017,NA,LEWIS W,"POWELL, III",ATTORNEY,0.00,PLANNING AND DEVELOPMENT,3955,LEWIS,POWELL,01/30/2018
327526693,04/01/2017,06/30/2017,N/A,N/A,N/A,N/A,0.00,FINANCE,3820,MORGAN,BASSEY,07/06/2017
1547755180,01/01/2024,03/31/2024,0,ISSAC,RIGGS,COO,0.00,COMMISSION ON HUMAN RELATIONS,25242,ISSAC,RIGGS,05/02/2024
789116567,10/01/2016,12/31/2016,MEAL,BRIAN,HOPKINS,ALDERMAN,6.77,CITY COUNCIL / ALDERMEN,13621,ARTHUR,WILHELMI,01/09/2017
580269015,10/01/2018,12/31/2018,MEAL,ROD,SAWYER,ALDERMAN,22.00,CITY COUNCIL / ALDERMEN,3984,RICHARD,ERICKSON,01/11/2019
2918508567,07/01/2018,09/30/2018,MEAL,JASON,ERVIN,ALDERMAN,26.00,CITY COUNCIL / ALDERMEN,12761,M. ELAYNE,GRANGER,10/11/2018
2232136541,07/01/2018,09/30/2018,MEAL,BRIAN,FREEDMAN,STAFFER,21.95,CITY COUNCIL / ALDERMEN,12761,M. ELAYNE,GRANGER,10/18/2018
3080527358,01/01/2019,03/31/2019,NA,LEWIS W,"POWELL, III",ATTORNEY,0.00,PLANNING AND DEVELOPMENT,3955,LEWIS,POWELL,04/17/2019
3173017929,01/01/2018,03/31/2018,MEAL,DANNY,SOLIS,ALDERMAN,16.25,CITY COUNCIL / ALDERMEN,3984,RICHARD,ERICKSON,04/06/2018
2420859993,01/01/2014,03/31/2014,BOTTLE OF SPONSOR TEQUILA,JOE,MORENO,ALDERMAN,20.00,CITY COUNCIL / ALDERMEN,6405,KARA,SALGADO,03/31/2014
56611105,07/01/2017,09/30/2017,BASEBALL TICKET,GILBERT,VILLEGAS,ALDERMAN,45.00,CITY COUNCIL / ALDERMEN,10741,EVA-DINA,DELGADO,09/28/2017
1819497336,01/01/2019,03/31/2019,MEAL,RODERICK,SAWYER,ALDERMAN,16.20,CITY COUNCIL / ALDERMEN,15501,DAVID,GROSS,04/18/2019
1325811662,01/01/2018,03/31/2018,MEAL,GILBERT,VILLAGAS,ALDERMAN,16.26,CITY COUNCIL / ALDERMEN,3984,RICHARD,ERICKSON,04/06/2018
2656496020,10/01/2017,12/31/2017,0.00,GEORGE,CARDENAS,ALDERMAN,0.00,CITY COUNCIL / ALDERMEN,4312,TANYA,TRICHE,01/04/2018
895707391,01/01/2016,03/31/2016,MEAL/DRINKS,ADAM,GYPALO,COS,30.00,CITY COUNCIL / ALDERMEN,11661,MICHAEL,REEVER,04/19/2016
3549018820,10/01/2017,12/31/2017,NA,LEWIS W,"POWELL, III",ATTORNEY,0.00,HOUSING AND ECONOMIC DEVELOPMENT,3955,LEWIS,POWELL,01/30/2018
1318364868,01/01/2015,03/31/2015,LUNCH,TOM,TUNNEY,ALDERMAN,23.00,CITY COUNCIL / ALDERMEN,4005,MARGARET,HOULIHAN SMITH,04/16/2015
3768857870,10/01/2017,12/31/2017,N/A,JASON,ERVIN,MR,0.00,CITY COUNCIL / ALDERMEN,17862,MARK,HEFFRON,01/30/2018
4133134856,10/01/2014,12/31/2014,0,GERALD,HOLLOWELL,DIRECTOR,0.00,EMERGENCY MANAGEMENT & COMMUNICATIONS,8622,MICHELE,NELSON,01/19/2015
3412152483,04/01/2016,06/30/2016,NONE,NONE,................NONE.................,NONE,0.00,LEGISLATIVE COUNCIL & GOV'T AFFAIRS,6703,BRENDAN,SHILLER,07/06/2016
3402827892,01/01/2014,03/31/2014,0,JERRY,KNAPP,DEPUTY CHIEF,0.00,FIRE DEPARTMENT,8622,MICHELE,NELSON,03/26/2014
1467808596,04/01/2015,06/30/2015,BOTTLE 3G TEQUILA,STAFFERS,UNKNOWN,25TH WARD ALDERMANIC OFFICE,20.00,CITY COUNCIL / ALDERMEN,6405,KARA,SALGADO,07/15/2015
969914542,04/01/2014,06/30/2014,MEAL/BEVERAGE,WILL,BURNS,ALDERMAN,31.25,CITY COUNCIL / ALDERMEN,3739,COURTNEY,NOTTAGE,10/30/2014
691032097,07/01/2024,09/30/2024,0,ISSAC,RIGGS,COO,0.00,BUILDINGS,25242,ISSAC,RIGGS,09/30/2024
3606965626,04/01/2017,06/30/2017,FOOD/BEVERAGE,RAY,LOPEZ,ALDERMAN,44.35,CITY COUNCIL / ALDERMEN,17901,MATTHEW,SUMMY,07/17/2017
2828263892,04/01/2018,06/30/2018,SMALL PARKING METER BANK,BETH,BEATTY,OFFICE OF CFO,25.00,FINANCE,16042,MIKE,GINTER,07/06/2018
2199013884,10/01/2016,12/31/2016,YES,ED,BURKE,ALDERMAN,300.00,CITY COUNCIL / ALDERMEN,4157,BRIDGET,O'KEEFE,01/23/2017
1486703768,10/01/2014,12/31/2014,FRUIT BOX,ANDY,MOONEY,PROGRAM DIRECTOR,19.96,PLANNING AND DEVELOPMENT,4096,LAWRENCE,PUSATERI,01/15/2015
244725348,10/01/2016,12/31/2016,COOKIES,JIM,HORAN,DEPUTY COMMISSIONER TIF ADMIN,20.00,PLANNING AND DEVELOPMENT,4177,STEPHEN,FRIEDMAN,01/13/2017
3392367288,10/01/2019,12/31/2019,NONE,NONE,NONE,NONE,0.00,BUILDINGS,3979,JOHN,SUZUKI,12/29/2019
898020755,10/01/2014,12/31/2014,LUNCH,BRENDAN,REILLY,ALDERMAN,50.00,CITY COUNCIL / ALDERMEN,4005,MARGARET,HOULIHAN SMITH,01/16/2015
294886215,04/01/2018,06/30/2018,SMALL PARKING METER BANK,ERIC,COLON,CIO,25.00,BUDGET AND MANAGEMENT,16042,MIKE,GINTER,07/06/2018
677871646,07/01/2018,09/30/2018,TIE,JAMES,CAPPLEMAN,ALDERMAN,43.00,CITY COUNCIL / ALDERMEN,11463,SUSAN,HAYES GORDON,10/17/2018
1780608368,07/01/2014,09/30/2014,NONE,NONE,NONE,NONE,0.00,BUILDINGS,3979,JOHN,SUZUKI,10/01/2014
578965945,10/01/2017,12/31/2017,NONE,NONE,NONE,NONE,0.00,CITY COLLEGES OF CHICAGO,19462,WAYNE,PIERCE,02/15/2018
717572153,07/01/2017,09/30/2017,BASEBALL TICKET,GREG,MITCHELL,ALDERMAN,45.00,CITY COUNCIL / ALDERMEN,10741,EVA-DINA,DELGADO,09/28/2017
1552540024,07/01/2016,09/30/2016,MEAL,STEVE,LUX,CFO,19.00,PARK DISTRICT,3871,CARLOS,PINEIRO,10/20/2016
2199035999,07/01/2015,09/30/2015,LUNCH,JASON,ERVIN,28TH WARD,129.58,CITY COUNCIL / ALDERMEN,3895,JAMES,SULLIVAN,10/23/2015
2230674986,07/01/2014,09/30/2014,NONE,N/A,N/A,N/A,0.00,FINANCE,3820,MORGAN,BASSEY,10/06/2014
3321091860,07/01/2014,09/30/2014,DINNER,MARY,O'CONNOR,ALDERMAN,46.00,CITY COUNCIL / ALDERMEN,4301,DANIEL,LYNCH,10/17/2014
289701979,10/01/2014,12/31/2014,FRUIT BOX,TAMRA,COLLINS,ANALYST,19.96,PLANNING AND DEVELOPMENT,3992,VIRGINIA,PACE,01/12/2015
187823089,04/01/2018,06/30/2018,FOOD/BEVERAGE,GREG,MITCHELL,ALDERMAN,42.00,CITY COUNCIL / ALDERMEN,6181,YAFAWN,SMITH,07/17/2018
2219961691,04/01/2018,06/30/2018,LALO'S,BYRON,MONA,CDOT/DEO,44.70,TRANSPORTATION,19186,ROBERT,WILSON,07/18/2018
2967514478,01/01/2017,03/31/2017,MEAL,JASON,ERVIN,ALDERMAN,50.00,CITY COUNCIL / ALDERMEN,4062,SAM,BALARK,04/17/2017
575576200,04/01/2019,06/30/2019,BOOK,LORI,LIGHTFOOT,"MAYOR, CHICAGO",17.95,MAYORS OFFICE,4183,MICHAEL,SUTTON,06/24/2019
3023887853,01/01/2015,03/31/2015,BREAKFAST,MARGARET,LAURINO,ALDERMAN,10.00,CITY COUNCIL / ALDERMEN,4005,MARGARET,HOULIHAN SMITH,04/16/2015
3736752246,04/01/2015,06/30/2015,N/A,N/A,N/A,N/A,0.00,FINANCE,3820,MORGAN,BASSEY,07/01/2015
2793440442,07/01/2015,09/30/2015,LUNCH,"MICHAEL, JR.",SCOTT,24TH WARD,129.58,CITY COUNCIL / ALDERMEN,3895,JAMES,SULLIVAN,10/23/2015
2709965906,07/01/2017,09/30/2017,PICTURE AND FRAME,ROBERTO,MALDONADO,ALDERMAN,14.43,CITY COUNCIL / ALDERMEN,6082,ELIZABETH,KREGOR,10/20/2017
240249085,10/01/2014,12/31/2014,BOOK,ED,BURKE,ALDERMAN,20.00,CITY COUNCIL / ALDERMEN,4064,WILLIAM,FILAN,01/23/2015
1180188019,07/01/2019,09/30/2019,NONE,NONE,NONE,NONE,0.00,CITY COUNCIL / ALDERMEN,24172,MORGAN,SOKOL,10/21/2019
3479587431,07/01/2016,09/30/2016,DINNER,MICHELLE,HARRIS,ALDERMAN,35.00,CITY COUNCIL / ALDERMEN,11421,KRISTOPHER,ANDERSON,10/21/2016
1413299434,07/01/2019,09/30/2019,NONE,SCOTT,GREEN,ANALYST,0.00,BUDGET AND MANAGEMENT,24401,GARRY,COOPER,10/16/2019
601166382,04/01/2015,06/30/2015,LUNCH,RAYMOND,LOPEZ,ALDERMAN,18.38,CITY COUNCIL / ALDERMEN,4301,DANIEL,LYNCH,07/15/2015
1127998581,01/01/2014,03/31/2014,COFFEE,SEAN,RAPELYEA,ASST. TO THE MAYOR,3.25,LEGISLATIVE COUNCIL & GOV'T AFFAIRS,3984,RICHARD,ERICKSON,04/21/2014
320370220,07/01/2014,09/30/2014,BOOK & NOTEBOOK AT YOUTH AMBASSADOR LUNCHEON 7/9/14,MATTHEW,O'SHEA,ALD,35.00,CITY COUNCIL / ALDERMEN,3878,MICHAEL,GUERRA,10/15/2014
188336686,01/01/2015,03/31/2015,TOY CAR,RAHM,EMANUEL,MAYOR,10.00,MAYORS OFFICE,4356,CHARLES,STEPHENS,04/16/2015
2407575223,10/01/2017,12/31/2017,FLOWERS,SHEILA,PACIONE,DIRECTOR OF CONSTITUENT SERVICES AND INFRASTRUCTURE 43RD WARD,25.35,CITY COUNCIL / ALDERMEN,19184,BRIDGET,SHEEHAN,01/15/2018
199966221,07/01/2018,09/30/2018,NA,LEWIS W,"POWELL, III",ATTORNEY,0.00,PLANNING AND DEVELOPMENT,3955,LEWIS,POWELL,10/15/2018
4130900060,10/01/2016,12/31/2016,CANDY,CARL,ERICKSON,ADM. ASSISTANT,10.00,CITY COUNCIL / ALDERMEN,4272,CONSTANCE,ZAIO,01/16/2017
1017677383,10/01/2014,12/31/2014,FRUIT BOX,GEORGE,CRONVICH,ANALYST,19.96,CHICAGO HOUSING AUTHORITY,4096,LAWRENCE,PUSATERI,01/15/2015
2779796702,07/01/2018,09/30/2018,0.00,DAN,LUNA,CHIEF,0.00,CITY COUNCIL / ALDERMEN,17862,MARK,HEFFRON,09/11/2018
1910803243,04/01/2015,06/30/2015,BREAKFAST,MICHELLE,SMITH,ALDERMAN,42.00,CITY COUNCIL / ALDERMEN,4301,DANIEL,LYNCH,07/15/2015
254684607,07/01/2019,09/30/2019,0,ALEXANDRA,SIMS,MS,0.00,CITY COUNCIL / ALDERMEN,23981,ALEXANDRA,SIMS,10/31/2019
4253888386,10/01/2016,12/31/2016,CANDY,EDITH,STINSON,STAFF ASSISTANT,10.00,FINANCE,4272,CONSTANCE,ZAIO,01/16/2017
1630998804,10/01/2016,12/31/2016,WINE,EDWARD,BURKE,ALDERMAN,25.00,CITY COUNCIL / ALDERMEN,13461,CHRISTOPHER,LENTINO,12/19/2016
269427285,10/01/2014,12/31/2014,FRUIT BOX,LAWRENCE,GRISHAM,DEPUTY COMISSIONER,19.96,PLANNING AND DEVELOPMENT,4096,LAWRENCE,PUSATERI,01/15/2015
123643860,07/01/2014,09/30/2014,BOOK & NOTEBOOK AND YOUTH AMBASSADOR LUNCHEON 7/9/14,GEORGE,CARDENAS,ALD,35.00,CITY COUNCIL / ALDERMEN,3878,MICHAEL,GUERRA,10/15/2014
2339529604,07/01/2019,09/30/2019,MEAL/LUNCH,CRAIG,SLACK,CHIEF INVESTMENT OFFICER,18.95,CITY TREASURER,15423,OMAR,DAGHESTANI,10/16/2019
2741009354,10/01/2014,12/31/2014,FRUIT BOX,BARBARA,TAYLOR,DEVELOPER SERVICES,19.96,PLANNING AND DEVELOPMENT,3992,VIRGINIA,PACE,01/12/2015
807930148,10/01/2017,12/31/2017,N/A,LYNN,COX,VP,0.00,MAYORS OFFICE,18621,LYNN,COX,01/08/2018
2379181984,01/01/2016,03/31/2016,BREAKFAST MEETING,LUIS,FRAUSTO,ASSISTANT CITY TREASURER,40.00,CITY TREASURER,8381,STACY,STOLL,04/18/2016
3589725295,10/01/2014,12/31/2014,LUNCH,ADAM,GYPALO,CHIEF OF STAFF,16.50,CITY COUNCIL / ALDERMEN,3984,RICHARD,ERICKSON,01/23/2015
2182607781,10/01/2016,12/31/2016,0,NONE,NONE,NONE,0.00,BUILDINGS,3979,JOHN,SUZUKI,01/09/2017
2391137451,10/01/2017,12/31/2017,HOLIDAY BAKERY,N/A,N/A,DIVISION OF INFRASTRUCTURE,43.95,TRANSPORTATION,19186,ROBERT,WILSON,01/20/2018
2523956338,01/01/2014,03/31/2014,MEAL,STEVE,KOCH,DEPUTY MAYOR,35.00,MAYORS OFFICE,4339,AMY,BRENNAN,04/16/2014
198579198,10/01/2018,12/31/2018,COOKIES,CHIP,HASTINGS,DEPUTY COMMISSIONER,25.00,PLANNING AND DEVELOPMENT,5881,STEPHEN,FRIEDMAN,01/16/2019
2173276960,07/01/2015,09/30/2015,LUNCH,TOM,FOULKES,16TH WARD,129.58,CITY COUNCIL / ALDERMEN,3895,JAMES,SULLIVAN,10/23/2015
3495825056,10/01/2015,12/31/2015,NONE,NONE,NONE,NONE,0.00,BUILDINGS,3979,JOHN,SUZUKI,01/08/2016
4221307801,07/01/2015,09/30/2015,LUNCH,GREG,MITCHELL,9TH WARD,129.58,CITY COUNCIL / ALDERMEN,3895,JAMES,SULLIVAN,10/23/2015
3494966066,07/01/2016,09/30/2016,NONE,NONE,NONE,NONE,0.00,BUILDINGS,3979,JOHN,SUZUKI,10/31/2016
2304672323,10/01/2016,12/31/2016,BOOK,WILLIAM,FILAN,ALDERMAN,25.00,CITY COUNCIL / ALDERMEN,4064,WILLIAM,FILAN,12/20/2016
4056164041,01/01/2015,03/31/2015,BREAKFAST,MARY,O'CONNOR,ALDERMAN,10.00,CITY COUNCIL / ALDERMEN,4005,MARGARET,HOULIHAN SMITH,04/16/2015
2254097817,07/01/2014,09/30/2014,BEVERAGE,WILL,BURNS,ALDERMAN,2.00,CITY COUNCIL / ALDERMEN,3739,COURTNEY,NOTTAGE,10/30/2014
1022801825,07/01/2018,09/30/2018,BAKERY,N/A,N/A,42ND WARD,27.09,CITY COUNCIL / ALDERMEN,19185,ERIN,WAITZ,10/09/2018
3046828120,10/01/2014,12/31/2014,CANDY,STINSON,EDITH,ADM. ASST.,15.00,FINANCE,4272,CONSTANCE,ZAIO,01/19/2015
1490086147,01/01/2014,03/31/2014,COFFEE,JIM,RAUSSEN,DEPUTY COMPTROLLER,3.96,FINANCE,3876,V. LARA,DELEONE,04/16/2014
1625826632,07/01/2016,09/30/2016,N/A,GLEN,LYMAN,CHIEF,0.00,FIRE DEPARTMENT,15321,JEREMY,HENTHORN,09/30/2016
1476278988,10/01/2016,12/31/2016,MEAL,MARGARET,HANSBROUGH,ENERGY ENGAGEMENT MANAGER,16.00,MAYORS OFFICE,3929,MICHAEL,HENRY,01/17/2017
1740322985,07/01/2018,09/30/2018,MEAL,WALTER,BURNETT,ALDERMAN,26.00,CITY COUNCIL / ALDERMEN,12761,M. ELAYNE,GRANGER,10/11/2018
2688622511,10/01/2017,12/31/2017,N/A,CORY,HOHS,CEO,0.00,EMERGENCY MANAGEMENT & COMMUNICATIONS,16101,CORY,HOHS,01/25/2018
4133175011,04/01/2019,06/30/2019,0,JIM,TUMPANE,SALES,0.00,FIRE DEPARTMENT,20462,JIM,TUMPANE,07/02/2019
1573604601,10/01/2017,12/31/2017,LAPEL PIN,ED,BURKE,ALDERMAN,13.00,CITY CLERK,20042,ROBERT,GREENEBAUM,01/16/2018
935128081,10/01/2018,12/31/2018,0,MICHELE,SMITH,ALDERMAN,0.00,CITY COUNCIL / ALDERMEN,4312,TANYA,TRICHE - DAWOOD,12/20/2018
3544411925,07/01/2018,09/30/2018,NONE,NONE,NONE,NONE,0.00,BUDGET AND MANAGEMENT,18021,JOHN,HARRIS,10/01/2018
378301505,01/01/2018,03/31/2018,0,THOMAS,WEAVER,EVP,0.00,INNOVATION & TECHNOLOGY,20662,THOMAS,WEAVER,04/03/2018
1982337921,10/01/2017,12/31/2017,HOLIDAY BAKERY,N/A,N/A,OFFICE OF UNDERGROUND COORDINATION,43.95,TRANSPORTATION,19186,ROBERT,WILSON,01/20/2018
3064281146,04/01/2016,06/30/2016,NONE,JEFF,ROCK,VP- ENFORCEMENT SALES,0.00,FINANCE,13601,JEFF,ROCK,07/07/2016
2437257707,10/01/2018,12/31/2018,0,DAN,CASEY,DEPUTY DIRECTOR,0.00,EMERGENCY MANAGEMENT & COMMUNICATIONS,20210,KEN,LUKOWSKI,01/04/2019
508527467,01/01/2017,03/31/2017,FOOD/BEVERAGE,TONI,FOULKES,ALDERMAN,42.45,CITY COUNCIL / ALDERMEN,6181,YAFAWN,SMITH,04/20/2017
3861578109,07/01/2018,09/30/2018,MEAL,JOE,MOORE,ALDERMAN,45.00,CITY COUNCIL / ALDERMEN,20522,BRIAN,DAVIS,09/28/2018
1237947878,10/01/2017,12/31/2017,N0,SUE,GARZA,ALDERMAN,0.00,CITY COUNCIL / ALDERMEN,20121,CARMEN,CURET,01/25/2018
2684076215,04/01/2017,06/30/2017,NA,NONE,NONE,NONE,0.00,BUILDINGS,17941,MOISES,CUKIERMAN,07/05/2017
3770574724,10/01/2016,12/31/2016,COOKIES,DAVID,RELFMAN,COMMISSIONER,36.00,PLANNING AND DEVELOPMENT,4177,STEPHEN,FRIEDMAN,01/13/2017
361577543,07/01/2017,09/30/2017,NONE,NONE,NONE,NONE,0.00,BUILDINGS,3979,JOHN,SUZUKI,10/12/2017
2756449151,01/01/2016,03/31/2016,MEAL,RAY,LOPEZ,ALDERMAN,17.00,CITY COUNCIL / ALDERMEN,11661,MICHAEL,REEVER,04/19/2016
2596478913,01/01/2015,03/31/2015,BREAKFAST,WILLIE,COCHRAN,ALDERMAN,35.00,CITY COUNCIL / ALDERMEN,4005,MARGARET,HOULIHAN SMITH,04/16/2015
636893502,10/01/2015,12/31/2015,CANDY,EDITH,STINSON,STAFF ASSIST.,10.00,FINANCE,4272,CONSTANCE,ZAIO,01/18/2016
716473185,10/01/2014,12/31/2014,FRUIT BOX,DINAH,WAYNE,TIF DIVISION,19.96,PLANNING AND DEVELOPMENT,4096,LAWRENCE,PUSATERI,01/15/2015
123551587,10/01/2017,12/31/2017,NONE,BRANDON,RILEY,ALDERMAN,0.00,CITY COUNCIL / ALDERMEN,19181,MICHELLE,NAKFOOR,01/22/2018
2335640542,01/01/2014,03/31/2014,NONE,N/A,N/A,N/A,0.00,FINANCE,3820,MORGAN,BASSEY,04/04/2014
2990715511,07/01/2018,09/30/2018,MEAL,PATRICK,THOMPSON,ALDERMAN,26.00,CITY COUNCIL / ALDERMEN,12761,M. ELAYNE,GRANGER,10/11/2018
4273672749,10/01/2016,12/31/2016,COOKIES,BRAD,MCCONNELL,DEPUTY COMMISSIONER PLNNG & DEV,20.00,PLANNING AND DEVELOPMENT,4177,STEPHEN,FRIEDMAN,01/13/2017
3495825056,10/01/2015,12/31/2015,NONE,NONE,NONE,NONE,0.00,AVIATION,3781,ERIC,LOCKE,01/26/2016
3658885012,01/01/2015,03/31/2015,BREAKFAST,PAT,DOWELL,ALDERMAN,35.00,CITY COUNCIL / ALDERMEN,4005,MARGARET,HOULIHAN SMITH,04/16/2015
1916353729,07/01/2018,09/30/2018,MEAL,GREGORY,MITCHELL,ALDERMAN,21.95,CITY COUNCIL / ALDERMEN,12761,M. ELAYNE,GRANGER,10/12/2018
3761199690,07/01/2018,09/30/2018,MEAL,ALVIN,RIDER,STAFFER,21.95,CITY COUNCIL / ALDERMEN,12761,M. ELAYNE,GRANGER,10/18/2018
3608852035,10/01/2014,12/31/2014,NONE,NONE,NONE,NONE,0.00,AVIATION,3781,ERIC,LOCKE,01/13/2015
555401506,10/01/2014,12/31/2014,FRUIT BOX,SUSAN,LESKE,SENIOR INVESTMENT MANAGER,19.96,CHICAGO HOUSING AUTHORITY,4096,LAWRENCE,PUSATERI,01/15/2015
1522598519,10/01/2014,12/31/2014,FRUIT BOX,TRACY,SANCHEZ,SENIOR PROGRAM MANAGER,19.96,PLANNING AND DEVELOPMENT,4096,LAWRENCE,PUSATERI,01/15/2015
3798452161,01/01/2014,03/31/2014,MEAL,STEVE,KOCH,DEPUTY MAYOR,39.00,MAYORS OFFICE,4339,AMY,BRENNAN,04/16/2014
780189066,10/01/2017,12/31/2017,BAKERY,N/A,N/A,PERMIT COUNTER,6.47,TRANSPORTATION,19186,ROBERT,WILSON,01/20/2018
2010488384,07/01/2016,09/30/2016,MEAL,BRIAN,HOPKINS,ALDERMAN,6.77,CITY COUNCIL / ALDERMEN,13621,ARTHUR,WILHELMI,10/12/2016
950810030,07/01/2017,09/30/2017,NA,SAMANTHA,FIELDS,BUDGET DIRECTOR,0.00,BUDGET AND MANAGEMENT,17322,TIMOTHY,WALKER,10/16/2017
2528796162,04/01/2015,06/30/2015,BREAKFAST,BRIAN,HOPKINS,ALDERMAN,42.00,CITY COUNCIL / ALDERMEN,4301,DANIEL,LYNCH,07/15/2015
3527070387,10/01/2014,12/31/2014,CANDY,CARL,ERICKSON,ADM. ASST.,15.00,CITY COUNCIL / ALDERMEN,4272,CONSTANCE,ZAIO,01/19/2015
242169389,01/01/2019,03/31/2019,0,LEWIS,GREENBAUM,ATTORNEY,0.00,FLEET & FACILITY MANAGEMENT,4165,LEWIS,GREENBAUM,04/01/2019
185940466,07/01/2016,09/30/2016,N/A,THOM,SERAFIN,MR.,0.00,BOARD OF ETHICS,3826,THOM,SERAFIN,11/11/2016
2187129818,01/01/2014,03/31/2014,MEAL,RAHM,EMANUEL,MAYOR,35.00,MAYORS OFFICE,4339,AMY,BRENNAN,04/16/2014
1446642814,04/01/2014,06/30/2014,NONE,N/A,N/A,N/A,0.00,FINANCE,3820,MORGAN,BASSEY,07/02/2014
4107184384,10/01/2016,12/31/2016,MEAL,LEANNA,MCKEON,SENIOR ENERGY ANALYST,16.00,CHICAGO HOUSING AUTHORITY,3929,MICHAEL,HENRY,01/17/2017
2575775864,07/01/2015,09/30/2015,LUNCH,ANTHONY,NAPOLITANO,ALDERMAN,10.87,CITY COUNCIL / ALDERMEN,4005,MARGARET,HOULIHAN SMITH,10/14/2015
997760471,10/01/2019,12/31/2019,N/A,N/A,N/A,N/A,0.00,LAW DEPARTMENT,24264,STEPHEN,PATTON,12/30/2019
2017252901,04/01/2018,06/30/2018,FRUIT PIE,DAVID,SEGLIN,LEGISLATIVE & POLICY ANALYST,15.00,TRANSPORTATION,9081,G. A.,FINCH,11/29/2018
109317047,04/01/2019,06/30/2019,NONE,DAN,CASEY,DEPUTY DIRECTOR PSIT,0.00,EMERGENCY MANAGEMENT & COMMUNICATIONS,20210,KEN,LUKOWSKI,07/01/2019
922935904,01/01/2016,03/31/2016,BREAKFAST MEETING,MIRIAM,MARTINEZ,CHIEF INVESTMENT OFFICER,40.00,CITY TREASURER,8381,STACY,STOLL,04/18/2016
1839259738,10/01/2016,12/31/2016,MEAL,ELLEN,SARGENT,DIRECTOR OF SUSTAINABLE INITIATIVES,16.00,CHICAGO HOUSING AUTHORITY,3929,MICHAEL,HENRY,01/17/2017
1059288048,07/01/2019,09/30/2019,MEAL/LUNCH,JENNIE,BENNETT,CFO,18.95,CITY TREASURER,15423,OMAR,DAGHESTANI,10/16/2019
1851440387,10/01/2018,12/31/2018,NA,LEWIS W,POWELL III,ATTORNEY,0.00,PLANNING AND DEVELOPMENT,3955,LEWIS,POWELL,01/07/2020
589889271,07/01/2019,09/30/2019,NONE,DAN,CASEY,DEPUTY DIRECTOR,0.00,EMERGENCY MANAGEMENT & COMMUNICATIONS,20210,KEN,LUKOWSKI,09/30/2019
3144288784,07/01/2015,09/30/2015,0,NONE,NONE,NONE,0.00,WATER MANAGEMENT,12801,JONATHAN,MECKSTROTH,10/26/2015
3003219859,04/01/2018,06/30/2018,CONDUENT BRANDED PEN,LARRY,MCPHILLIPS,DEPUTY COMMISSIONER,10.00,TRANSPORTATION,12901,HOLLY,COOPER,07/12/2018
4218870424,04/01/2015,06/30/2015,REFRESHMENTS AND LUNCH,HARRY,OSTERMAN,ALDERMAN OF THE 48TH WARD,22.47,CITY COUNCIL / ALDERMEN,8081,OLGA,GUTIERREZ,07/16/2015
2724372343,04/01/2018,06/30/2018,MEAL,GILBERT,VILLAGAS,ALDERMAN,16.25,CITY COUNCIL / ALDERMEN,3984,RICHARD,ERICKSON,07/13/2018
3998563372,01/01/2015,03/31/2015,LUNCH,MICHAEL,ZALEWSKI,ALDERMAN,23.00,CITY COUNCIL / ALDERMEN,4005,MARGARET,HOULIHAN SMITH,04/16/2015
2107303115,07/01/2016,09/30/2016,LUNCH,MICHELLE,SMITH,ALDERMAN,31.00,CITY COUNCIL / ALDERMEN,11421,KRISTOPHER,ANDERSON,10/21/2016
2499262814,10/01/2017,12/31/2017,HOLIDAY BAKERY,N/A,N/A,OFFICE OF 42ND WARD,43.95,CITY COUNCIL / ALDERMEN,19186,ROBERT,WILSON,01/20/2018
997760471,10/01/2019,12/31/2019,N/A,N/A,N/A,N/A,0.00,FINANCE,3820,MORGAN,BASSEY,01/01/2020
3255715267,10/01/2017,12/31/2017,DONUTS,N/A,N/A,42ND WARD CONSTITUENT OFFICE,8.00,CITY COUNCIL / ALDERMEN,19185,ERIN,WAITZ,01/19/2018
3124161309,10/01/2017,12/31/2017,BREAKFAST,VICTORIA,WATKINS,SENIOR ADVISOR,15.95,MAYORS OFFICE,15601,WILLIAM,GLUNZ,01/03/2018
964914895,04/01/2014,06/30/2014,NONE,NONE,NONE,NONE,0.00,AVIATION,3781,ERIC,LOCKE,07/17/2014
3938225801,01/01/2016,03/31/2016,NONE,JEFF,ROCK,VP ENFORCEMENT SALES,0.00,FINANCE,13601,JEFF,ROCK,04/04/2016
2203675648,04/01/2018,06/30/2018,MEAL,DANNY,SOLIS,ALDERMAN,16.25,CITY COUNCIL / ALDERMEN,3984,RICHARD,ERICKSON,07/13/2018
2774691874,10/01/2018,12/31/2018,NA,NA,NA,NA,0.00,POLICE DEPARTMENT,22904,GEORGE,UNZUETA,11/19/2018
4271742710,01/01/2018,03/31/2018,0.00,JASON,ERVIN,MR,0.00,CITY COUNCIL / ALDERMEN,17862,MARK,HEFFRON,04/05/2018
3417046312,10/01/2015,12/31/2015,NONE,N/A,N/A,N/A,0.00,FINANCE,3820,MORGAN,BASSEY,01/04/2016
1070333881,10/01/2014,12/31/2014,BASEBALL HAT,RAHM,EMANUEL,MAYOR,20.00,MAYORS OFFICE,4152,PATRICIA,HOLDEN,01/16/2015
617740470,01/01/2014,03/31/2014,LUNCHEON,PATRICK,O'CONNOR,ALDERMAN,25.00,CITY COUNCIL / ALDERMEN,4005,MARGARET,HOULIHAN SMITH,04/15/2014
2472272692,01/01/2014,03/31/2014,NONE,NONE,NONE,NONE,0.00,BUILDINGS,3979,JOHN,SUZUKI,04/24/2014
3337350520,04/01/2017,06/30/2017,FOOD/BEVERAGE,BRIAN,HOPKINS,ALDERMAN,5.84,CITY COUNCIL / ALDERMEN,17901,MATTHEW,SUMMY,07/17/2017
2839147085,01/01/2016,03/31/2016,N/A,N/A,N/A,N/A,0.00,FINANCE,3820,MORGAN,BASSEY,04/07/2016
3340876431,04/01/2018,06/30/2018,BOOK,ROD,SAWYER,ALDERMAN,40.00,CITY COUNCIL / ALDERMEN,3847,GRAHAM,GRADY,01/17/2019
3688634585,01/01/2018,03/31/2018,MEAL,"PROCCO ""JOE""",MORENO,ALDERMAN,36.00,CITY COUNCIL / ALDERMEN,3984,RICHARD,ERICKSON,04/06/2018
162674149,04/01/2015,06/30/2015,NONE,NONE,NONE,NONE,0.00,BUILDINGS,3979,JOHN,SUZUKI,07/10/2015
880519817,04/01/2016,06/30/2016,MEAL,MIRIAM,MARTINEZ,CHIEF INVESTMENT OFFICER,46.57,CITY TREASURER,12581,MARC,DIETRICH,07/14/2016
2800130534,04/01/2015,06/30/2015,BREAKFAST,PATRICK,THOMPSON,ALDERMAN,42.00,CITY COUNCIL / ALDERMEN,4301,DANIEL,LYNCH,07/15/2015
3263624384,04/01/2018,06/30/2018,CONDUENT BRANDED PEN,MARY JEAN,PAGNONI,ADMINISTRATIVE ASSISTATN,10.00,TRANSPORTATION,12901,HOLLY,COOPER,07/12/2018
1102815098,07/01/2018,09/30/2018,MEAL,EMMA,MITTS,ALDERMAN,26.00,CITY COUNCIL / ALDERMEN,3777,SYLVIA,ALDRETE,10/11/2018
1236111510,10/01/2017,12/31/2017,N/A,N/A,N/A,N/A,0.00,CITY COUNCIL / ALDERMEN,20404,ROBERTO,CHAPUR DUARTE,01/03/2018
3694850485,01/01/2016,03/31/2016,0,DANIEL,SOLIS,ALDEMAN,0.00,ZONING COMMITTEE,13942,EFRAIN,ELIAS,04/15/2016
3887762778,01/01/2015,03/31/2015,LUNCH,MICHELLE,SMITH,ALDERMAN,23.00,CITY COUNCIL / ALDERMEN,4005,MARGARET,HOULIHAN SMITH,04/16/2015
277599966,10/01/2016,12/31/2016,COOKIES,TRACY,SANCHEZ,DEPUTY COMMISSIONER,20.00,PLANNING AND DEVELOPMENT,4177,STEPHEN,FRIEDMAN,01/13/2017
2467236406,04/01/2019,06/30/2019,NONE,NONE,NONE,NONE,0.00,BUILDINGS,3979,JOHN,SUZUKI,07/01/2019
693136146,07/01/2017,09/30/2017,0,NONE,NONE,NONE,0.00,BOARD OF ETHICS,19361,MONICA,SEKULICH,10/02/2017
4102417609,04/01/2014,06/30/2014,0,JERRY,KNAPP,DEPUTY CHIEF,0.00,FIRE DEPARTMENT,8622,MICHELE,NELSON,06/30/2014
599763768,04/01/2019,06/30/2019,BREAKFAST,HOPKINS,BRIAN,ALDERMAN,15.00,CITY COUNCIL / ALDERMEN,4319,LAWRENCE,SUFFREDIN,12/02/2019
1126491311,10/01/2014,12/31/2014,FRUIT BOX,WALTER,BURNETT,ALDERMAN,19.96,CITY COUNCIL / ALDERMEN,3992,VIRGINIA,PACE,01/12/2015
3744337689,01/01/2015,03/31/2015,NONE,NONE,NONE,NONE,0.00,BUILDINGS,3979,JOHN,SUZUKI,04/07/2015
2000332023,07/01/2017,09/30/2017,HOST GIFT,STEVE,KOCH,DEPUTY MAYOR,17.50,MAYORS OFFICE,15601,WILLIAM,GLUNZ,10/10/2017
3577263950,10/01/2018,12/31/2018,N/A,N/A,N/A,N/A,0.00,FINANCE,3820,MORGAN,BASSEY,12/31/2018
3222230706,07/01/2014,09/30/2014,0,EDWARD,EBERTSCH,FLEET MANAGER,0.00,FIRE DEPARTMENT,4063,JODY,JOY,10/20/2014
1879512561,10/01/2018,12/31/2018,LUNCH,ASHLI,NELSON,SCHEDULING,16.64,MAYORS OFFICE,15601,WILLIAM,GLUNZ,01/14/2019
3174349029,07/01/2016,09/30/2016,BREAKFAST DURING DNC,LESLIE,HAIRSTON,ALDERMAN,17.39,CITY COUNCIL / ALDERMEN,4062,SAM,BALARK,10/19/2016
3624399188,04/01/2014,06/30/2014,MUG,ROSEMARIE,ANDOLINO,DEPARTMENT OF AVIATION COMMISSIONER,25.00,AVIATION,9463,CLAIRE,TINLEY,07/21/2014
776026105,04/01/2019,06/30/2019,FOOD & BEVERAGE,DAVID,REIFMAN,COMMISSIONER,49.53,PLANNING AND DEVELOPMENT,22022,AMY,WAGGONER,07/15/2019
3199806606,07/01/2015,09/30/2015,LUNCH,MICHAEL,ZALEWKSI,ALDERMAN,42.28,CITY COUNCIL / ALDERMEN,4005,MARGARET,HOULIHAN SMITH,10/14/2015
1369814052,07/01/2016,09/30/2016,N/A,N/A,N/A,N/A,0.00,FINANCE,3820,MORGAN,BASSEY,10/04/2016
1236111510,10/01/2017,12/31/2017,N/A,N/A,N/A,N/A,0.00,CITY COUNCIL / ALDERMEN,20403,RAFAEL,CHAPUR DUARTE,01/05/2018
345077378,01/01/2018,03/31/2018,0,DAN,CASEY,DEPUTY DIRECTOR PSIT,0.00,EMERGENCY MANAGEMENT & COMMUNICATIONS,20210,KEN,LUKOWSKI,04/02/2018
3494966066,07/01/2016,09/30/2016,NONE,NONE,NONE,NONE,0.00,TRANSPORTATION,15201,PAUL,LEDDY,10/31/2016
541689503,01/01/2016,03/31/2016,0,ANTHONY,GUEST,POLITICAL COODINATOR,0.00,CITY COUNCIL / ALDERMEN,3750,ANTHONY,GUEST,04/25/2016
1000701939,07/01/2014,09/30/2014,LUNCH,LATASHA,THOMAS,ALDERMAN,14.38,CITY COUNCIL / ALDERMEN,3938,JOHN,GUST,10/16/2014
3979795318,10/01/2019,12/31/2019,N/A,KAREEM,MUSAWWIR,MANAGER,0.00,PLANNING AND DEVELOPMENT,4125,KAREEM,MUSAWWIR,02/16/2020
3076660070,07/01/2016,09/30/2016,0,GLEN,LYMAN,CHIEF,0.00,FIRE DEPARTMENT,14662,JAMES,RICHARDSON,07/22/2016
626391479,10/01/2017,12/31/2017,NO,MICHELLE,SMITH,ALDERMAN,0.00,CITY COUNCIL / ALDERMEN,17981,MATTHEW,FIASCONE,01/03/2018
2082324225,10/01/2014,12/31/2014,FRUIT BOX,JESSICA,DUARTE,PBV,19.96,CHICAGO HOUSING AUTHORITY,4096,LAWRENCE,PUSATERI,01/15/2015
4201199436,04/01/2018,06/30/2018,N/A,N/A,N/A,N/A,0.00,HOUSING AND ECONOMIC DEVELOPMENT,4108,GREGORY,HUMMEL,07/09/2018
1709727849,10/01/2019,12/31/2019,LUNCH,MAYEKAR,SAMIR,DEPUTY MAYOR,50.00,MAYORS OFFICE,12501,MARK,DENZLER,01/03/2020
2335214429,07/01/2015,09/30/2015,LUNCH,HOWARD,BROOKINS,21ST WARD,129.58,CITY COUNCIL / ALDERMEN,3895,JAMES,SULLIVAN,10/23/2015
3200099376,07/01/2015,09/30/2015,LUNCG,LESLIE,HAIRSTON,5TH WARD,129.58,CITY COUNCIL / ALDERMEN,3895,JAMES,SULLIVAN,10/23/2015
1280294317,04/01/2018,06/30/2018,0,DAN,CASEY,MR,0.00,EMERGENCY MANAGEMENT & COMMUNICATIONS,20210,KEN,LUKOWSKI,07/03/2018
1000104615,10/01/2014,12/31/2014,FRUIT BOX,JOLENE,SAUL,DIRECTOR PRA PROGRAM,19.96,CHICAGO HOUSING AUTHORITY,4096,LAWRENCE,PUSATERI,01/15/2015
1049014278,04/01/2018,06/30/2018,LALO'S,GRIGAS,DAN,CDOT/DEO,44.70,TRANSPORTATION,19186,ROBERT,WILSON,07/18/2018
570700917,01/01/2014,03/31/2014,0.00,EDWARD,EBERTSCH,FLEET MANAGEMENT,0.00,FIRE DEPARTMENT,4063,JODY,JOY,03/31/2014
723172384,07/01/2014,09/30/2014,BASEBALL HAT,RAHM,EMANUEL,MAYOR,25.00,MAYORS OFFICE,4152,PATRICIA,HOLDEN,10/14/2014
3071363571,10/01/2014,12/31/2014,FRUIT BOX,DON,OSHITA,DEVELOPMENT MANAGER,19.96,CHICAGO HOUSING AUTHORITY,4096,LAWRENCE,PUSATERI,01/15/2015
964914895,04/01/2014,06/30/2014,NONE,NONE,NONE,NONE,0.00,BOARD OF EDUCATION,3988,STEVEN,GINSBERG,07/22/2014
1693872074,04/01/2016,06/30/2016,LUNCH,MICHELLE,HARRIS,ALDERMAN,19.00,CITY COUNCIL / ALDERMEN,12321,JENELLE,ALEXANDER,07/20/2016
405799158,04/01/2016,06/30/2016,MEAL,MIRIAM,MARTINEZ,CHIEF INVESTMENT OFFICE,46.57,CITY TREASURER,12581,MARC,DIETRICH,07/13/2016
343266172,10/01/2015,12/31/2015,CANDY,CARL,ERICKSON,ADMIN,10.00,CITY COUNCIL / ALDERMEN,4272,CONSTANCE,ZAIO,01/18/2016
595441284,10/01/2018,12/31/2018,BOOK,ED,BURKE,ALDERMAN,20.00,CITY COUNCIL / ALDERMEN,4064,WILLIAM,FILAN,01/09/2019
751730253,01/01/2017,03/31/2017,FOOD/BEVERAGE,WILLIE,COCHRAN,ALDERMAN,42.45,CITY COUNCIL / ALDERMEN,6181,YAFAWN,SMITH,04/20/2017
2472272692,01/01/2014,03/31/2014,NONE,NONE,NONE,NONE,0.00,AVIATION,3781,ERIC,LOCKE,04/18/2014
3102319432,10/01/2014,12/31/2014,FRUIT BOX,CHIP,HASTINGS,ASSISTANT COMISSIONER,19.96,PLANNING AND DEVELOPMENT,3992,VIRGINIA,PACE,01/12/2015
1603732327,10/01/2014,12/31/2014,NONE,N/A,N/A,N/A,0.00,FINANCE,3820,MORGAN,BASSEY,01/06/2015
1876292071,10/01/2018,12/31/2018,NA,LEWIS W,"POWELL, III",ATTORNEY,0.00,PLANNING AND DEVELOPMENT,3955,LEWIS,POWELL,01/22/2019
1133622809,01/01/2015,03/31/2015,FOOD/BEVERAGE,WILL,BURNS,ALDERMAN,18.00,CITY COUNCIL / ALDERMEN,3739,COURTNEY,NOTTAGE,10/09/2015
4249605276,04/01/2019,06/30/2019,0,RODRICK,SAWYER,ALDERMAN,250.00,CITY COUNCIL / ALDERMEN,17062,PAMELA,LOUIK,07/17/2019
3854080060,07/01/2018,09/30/2018,0,MARIA,GUERRA,LCGA,0.00,MAYORS OFFICE,9383,ROB,KARR,10/09/2018
2398406222,07/01/2019,09/30/2019,N/A,ADRIAN,SEGURA,SENIOR MANAGER OF CITY AFFAIRS,0.00,CITY COUNCIL / ALDERMEN,20363,ADRIAN,SEGURA,10/30/2019
4123327566,07/01/2014,09/30/2014,BOOK & NOTEBOOK AT YOUTH AMBASSADOR LUNCHEON 7/9/14,CARRIE,AUSTIN,ALD,35.00,CITY COUNCIL / ALDERMEN,3878,MICHAEL,GUERRA,10/15/2014
848168759,04/01/2018,06/30/2018,CONDUENT BRANDED PEN,JOHN PAUL,JAEL,PROGRAM DIRECTOR,10.00,FINANCE,12901,HOLLY,COOPER,07/12/2018
2858831517,01/01/2017,03/31/2017,0,NONE,NONE,NONE,0.00,BUILDINGS,3979,JOHN,SUZUKI,04/03/2017
2248160092,04/01/2018,06/30/2018,NONE,MELIA,CARTER,GOVERNMENT AFFAIRS,0.00,CITY COUNCIL / ALDERMEN,20603,MELIA,CARTER,06/29/2018
4267982645,07/01/2018,09/30/2018,N/A,N/A,N/A,N/A,0.00,FINANCE,3820,MORGAN,BASSEY,10/10/2018
1670448685,10/01/2014,12/31/2014,FRUIT BOX,ELLEN,SAHLI,DIRECTOR,19.96,CHICAGO HOUSING AUTHORITY,4096,LAWRENCE,PUSATERI,01/15/2015
3145493730,04/01/2017,06/30/2017,N/A,RAHM,EMANUEL,MAYOR,0.00,MAYORS OFFICE,18621,LYNN,COX,07/06/2017
39620958,01/01/2015,03/31/2015,NONE,N/A,N/A,N/A,0.00,FINANCE,3820,MORGAN,BASSEY,04/02/2015
580067694,01/01/2014,03/31/2014,0,STEPHEN,HALVORSEN,VICE PRESIDENT,0.00,FINANCE,4192,STEPHEN,HALVORSEN,03/31/2014
2498944520,07/01/2015,09/30/2015,NONE,NONE,NONE,NONE,0.00,AVIATION,3781,ERIC,LOCKE,10/13/2015
1277059363,01/01/2018,03/31/2018,N/A,N/A,N/A,N/A,0.00,FINANCE,3820,MORGAN,BASSEY,04/06/2018
1366646025,04/01/2014,06/30/2014,NA,JAMES,GILLIAM,RELATIONSHIP MANAGER,0.00,CITY COUNCIL / ALDERMEN,4284,JAMES,GILLIAM,07/11/2014
3093361258,10/01/2018,12/31/2018,N/A,ALDERMAN,OSTERMAN,MR,0.00,BUILDINGS,17862,MARK,HEFFRON,01/21/2019
4201199436,04/01/2018,06/30/2018,N/A,N/A,N/A,N/A,0.00,FINANCE,3820,MORGAN,BASSEY,07/03/2018
1024302536,04/01/2016,06/30/2016,0,NONE,NONE,NONE,0.00,BUILDINGS,3979,JOHN,SUZUKI,07/11/2016
379452707,10/01/2016,12/31/2016,MEAL,RODERICK,SAWYER,ALDERMAN,13.64,CITY COUNCIL / ALDERMEN,15501,DAVID,GROSS,01/09/2017
2415213240,10/01/2018,12/31/2018,0,DEBRA,SILVERSTEIN,ALDERMAN,0.00,CITY COUNCIL / ALDERMEN,9383,ROB,KARR,12/20/2018
3188333440,04/01/2016,06/30/2016,NONE,BRITTANY,PETERSON,MRS,0.00,BUDGET AND MANAGEMENT,13261,BRITTANY,PETERSON,07/14/2016
4077935140,01/01/2019,03/31/2019,MEAL,MICHELLE,HARRIS,ALDERMAN,20.99,CITY COUNCIL / ALDERMEN,15501,DAVID,GROSS,04/18/2019
3008178361,10/01/2014,12/31/2014,CHRISTMAS STRAWBERRIES,ANIKIA,TILLERY,COMPUTER OPERATOR,39.98,TRANSPORTATION,7423,JUSTIN,ALBERT,12/22/2014
162674149,04/01/2015,06/30/2015,NONE,NONE,NONE,NONE,0.00,AVIATION,3781,ERIC,LOCKE,07/07/2015
1661152731,01/01/2018,03/31/2018,FOOD/BEVERAGE,SOPHIA,KING,ALDERMAN,44.42,CITY COUNCIL / ALDERMEN,6181,YAFAWN,SMITH,04/20/2018
2756923355,01/01/2014,03/31/2014,MEAL,STEVE,KOCH,DEPUTY MAYOR,20.00,MAYORS OFFICE,4339,AMY,BRENNAN,04/16/2014
4051699445,10/01/2019,12/31/2019,NA,LEWIS W,"POWELL, III",ATTORNEY,0.00,PLANNING AND DEVELOPMENT,3955,LEWIS,POWELL,01/07/2020
985533258,01/01/2015,03/31/2015,BREAKFAST,REGNAR,SUAREZ,ALDERMAN,35.00,CITY COUNCIL / ALDERMEN,4005,MARGARET,HOULIHAN SMITH,04/16/2015
1089596282,01/01/2020,03/31/2020,VIP TICKET CHICAGO AUTO SHOW,MICHAEL,RODRIGUEZ,ALDERMAN,26.00,CITY COUNCIL / ALDERMEN,18401,DAVID,SLOAN,04/20/2020
2663488919,01/01/2020,03/31/2020,VIP TICKET CHICAGO AUTO SHOW,GREGORY,MITCHELL,ALDERMAN,26.00,CITY COUNCIL / ALDERMEN,18401,DAVID,SLOAN,04/20/2020
2098655389,01/01/2020,03/31/2020,NA,LEWIS W,"POWELL, III",ATTORNEY,0.00,PLANNING AND DEVELOPMENT,3955,LEWIS,POWELL,05/19/2020
708393409,01/01/2020,03/31/2020,0,NONE,NONE,NO ONE,0.00,ZONING COMMITTEE,4125,KAREEM,MUSAWWIR,05/14/2020
3132064331,04/01/2020,06/30/2020,N/A,N/A,N/A,N/A,0.00,WATER MANAGEMENT,24501,TONY,DEITCH,07/10/2020
873116852,01/01/2020,03/31/2020,VIP TICKET CHICAGO AUTO SHOW,SUSAN,SADLOWSKI GARZA,ALDERMAN,26.00,CITY COUNCIL / ALDERMEN,18401,DAVID,SLOAN,04/20/2020
4209507815,04/01/2020,06/30/2020,NONE,N/A,NONE,N/A,0.00,MAYORS OFFICE,24825,BOB,ENKEMA,07/07/2020
3759667853,01/01/2020,03/31/2020,VIP TICKET CHICAGO AUTO SHOW,NICHOLAS,SPOSATO,ALDERMAN,26.00,CITY COUNCIL / ALDERMEN,18401,DAVID,SLOAN,04/20/2020
204877122,07/01/2020,09/30/2020,N/A,N/A,N/A,N/A,0.00,FINANCE,23523,CURTIS,HARRIS,09/30/2020
1578116095,01/01/2020,03/31/2020,VIP TICKET CHICAGO AUTO SHOW,BRIAN,HOPKINS,ALDERMAN,26.00,CITY COUNCIL / ALDERMEN,18401,DAVID,SLOAN,04/20/2020
4046982324,07/01/2020,09/30/2020,N/A,LEWIS W,"POWELL, III",ATTORNEY,0.00,PLANNING AND DEVELOPMENT,3955,LEWIS,POWELL,10/14/2020
997031270,01/01/2020,03/31/2020,VIP TICKET CHICAGO AUTO SHOW,ANDRE,VASQUEZ,ALDERMAN,26.00,CITY COUNCIL / ALDERMEN,18401,DAVID,SLOAN,04/20/2020
3804024280,01/01/2020,03/31/2020,VIP TICKET CHICAGO AUTO SHOW,STEPHANIE,COLEMAN,ALDERMAN,26.00,CITY COUNCIL / ALDERMEN,18401,DAVID,SLOAN,04/20/2020
3079014070,04/01/2020,06/30/2020,NO,BRYON,SIGCHO-LOPEZ,ALDERMAN,0.00,CITY COUNCIL / ALDERMEN,24700,PAUL,LUU,07/16/2020
4003565139,01/01/2020,03/31/2020,VIP TICKET CHICAGO AUTO SHOW,MICHAEL,SCOTT,ALDERMAN,26.00,CITY COUNCIL / ALDERMEN,18401,DAVID,SLOAN,04/20/2020
204877122,07/01/2020,09/30/2020,N/A,N/A,N/A,N/A,0.00,FINANCE,15683,KEVIN,SCHUYLER,09/30/2020
3187082246,01/01/2020,03/31/2020,VIP TICKET CHICAGO AUTO SHOW,ROBERTO,MALDONADO,ALDERMAN,26.00,CITY COUNCIL / ALDERMEN,18401,DAVID,SLOAN,04/20/2020
3902625051,01/01/2020,03/31/2020,VIP TICKET CHICAGO AUTO SHOW,ARIEL,REBOYRAS,ALDERMAN,26.00,CITY COUNCIL / ALDERMEN,18401,DAVID,SLOAN,04/20/2020
1055445822,01/01/2020,03/31/2020,VIP TICKET CHICAGO AUTO SHOW,MARTY,QUINN,ALDERMAN,26.00,CITY COUNCIL / ALDERMEN,18401,DAVID,SLOAN,04/20/2020
858398349,07/01/2020,09/30/2020,NONE,N/A,NONE,N/A,0.00,MAYORS OFFICE,24825,BOB,ENKEMA,10/20/2020
2511121052,01/01/2020,03/31/2020,VIP TICKET CHICAGO AUTO SHOW,MARIA,HADDEN,ALDERMAN,26.00,CITY COUNCIL / ALDERMEN,18401,DAVID,SLOAN,04/20/2020
2604390011,01/01/2020,03/31/2020,VIP TICKET CHICAGO AUTO SHOW,MICHELLE,SMITH,ALDERMAN,26.00,CITY COUNCIL / ALDERMEN,18401,DAVID,SLOAN,04/20/2020
204877122,07/01/2020,09/30/2020,N/A,N/A,N/A,N/A,0.00,FINANCE,3820,MORGAN,BASSEY,10/02/2020
2360402740,01/01/2020,03/31/2020,VIP TICKET CHICAGO AUTO SHOW,ANDREW,NAPOLITANO,ALDERMAN,26.00,CITY COUNCIL / ALDERMEN,18401,DAVID,SLOAN,04/20/2020
1675611433,04/01/2020,06/30/2020,NA,LEWIS W,"POWELL, III",ATTORNEY,0.00,PLANNING AND DEVELOPMENT,3955,LEWIS,POWELL,07/08/2020
390349137,07/01/2020,09/30/2020,N/A,JEAN,CHIDLEY,MS,0.00,MAYORS OFFICE,5862,JEAN,CHIDLEY,10/13/2020
2945226007,01/01/2020,03/31/2020,N/A,N/A,N/A,N/A,0.00,FINANCE,15841,LISA-SHERI,TORRENCE,03/30/2020
2999626150,01/01/2020,03/31/2020,VIP TICKET CHICAGO AUTO SHOW,MICHELLE,HARRIS,ALDERMAN,26.00,CITY COUNCIL / ALDERMEN,18401,DAVID,SLOAN,04/20/2020
2709224084,01/01/2020,03/31/2020,VIP TICKET CHICAGO AUTO SHOW,DEBRA,SILVERSTEIN,ALDERMAN,26.00,CITY COUNCIL / ALDERMEN,18401,DAVID,SLOAN,04/20/2020
1870766216,01/01/2020,03/31/2020,VIP TICKET CHICAGO AUTO SHOW,CARLOS,RAMIREZ-ROSA,ALDERMAN,26.00,CITY COUNCIL / ALDERMEN,18401,DAVID,SLOAN,04/20/2020
2854938846,01/01/2020,03/31/2020,VIP TICKET CHICAGO AUTO SHOW,JASON,ERVIN,ALDERMAN,26.00,CITY COUNCIL / ALDERMEN,18401,DAVID,SLOAN,04/20/2020
2681490137,07/01/2020,09/30/2020,NONE,DAN,CASEY,"DEPUTY DIRECTOR PSIT, OEMC",0.00,EMERGENCY MANAGEMENT & COMMUNICATIONS,20210,KEN,LUKOWSKI,09/30/2020
3132064331,04/01/2020,06/30/2020,N/A,N/A,N/A,N/A,0.00,FINANCE,4089,JAMES,RICE,06/29/2020
3283403641,07/01/2020,09/30/2020,NONE,NONE,NO ONE,NA,0.00,PLANNING AND DEVELOPMENT,4125,KAREEM,MUSAWWIR,10/09/2020
3211337161,01/01/2020,03/31/2020,VIP TICKET CHICAGO AUTO SHOW,GEORGE,CARDENAS,ALDERMAN,26.00,CITY COUNCIL / ALDERMEN,18401,DAVID,SLOAN,04/20/2020
1214162203,01/01/2020,03/31/2020,VIP TICKET CHICAGO AUTO SHOW,BYRON,SIGCHO LOPEZ,ALDERMAN,26.00,CITY COUNCIL / ALDERMEN,18401,DAVID,SLOAN,04/20/2020
4194471248,01/01/2020,03/31/2020,VIP TICKET CHICAGO AUTO SHOW,RAYMOND,LOPEZ,ALDERMAN,26.00,CITY COUNCIL / ALDERMEN,18401,DAVID,SLOAN,04/20/2020
2357273089,01/01/2020,03/31/2020,VIP TICKET CHICAGO AUTO SHOW,MATTHEW,MARTIN,ALDERMAN,26.00,CITY COUNCIL / ALDERMEN,18401,DAVID,SLOAN,04/20/2020
2945226007,01/01/2020,03/31/2020,N/A,N/A,N/A,N/A,0.00,FINANCE,15682,TIMOTHY,BARBERA,03/30/2020
204877122,07/01/2020,09/30/2020,N/A,N/A,N/A,N/A,0.00,WATER MANAGEMENT,24501,TONY,DEITCH,10/09/2020
2945226007,01/01/2020,03/31/2020,N/A,N/A,N/A,N/A,0.00,FINANCE,4089,JAMES,RICE,03/30/2020
1094788565,01/01/2020,03/31/2020,VIP TICKET CHICAGO AUTO SHOW,THOMAS,TUNNEY,ALDERMAN,26.00,CITY COUNCIL / ALDERMEN,18401,DAVID,SLOAN,04/20/2020
2585014260,01/01/2020,03/31/2020,VIP TICKET CHICAGO AUTO SHOW,EMMA,MITTS,ALDERMAN,26.00,CITY COUNCIL / ALDERMEN,18401,DAVID,SLOAN,04/20/2020
2166327190,04/01/2020,06/30/2020,NONE,NONE,NONE,NONE,0.00,BUILDINGS,3979,JOHN,SUZUKI,07/10/2020
1372916770,01/01/2020,03/31/2020,VIP TICKET CHICAGO AUTO SHOW,LESLIE,HAIRSTON,ALDERMAN,26.00,CITY COUNCIL / ALDERMEN,18401,DAVID,SLOAN,04/20/2020
1181203787,01/01/2020,03/31/2020,VIP TICKET CHICAGO AUTO SHOW,HOWARD,BROOKINS,ALDERMAN,26.00,CITY COUNCIL / ALDERMEN,18401,DAVID,SLOAN,04/20/2020
4281423839,01/01/2020,03/31/2020,VIP TICKET CHICAGO AUTO SHOW,SAMANTHA,NUGENT,ALDERMAN,26.00,CITY COUNCIL / ALDERMEN,18401,DAVID,SLOAN,04/20/2020
605528825,01/01/2020,03/31/2020,NONE,NONE,NONE,NONE,0.00,BUILDINGS,3979,JOHN,SUZUKI,04/14/2020
4079519236,04/01/2020,06/30/2020,NONE,NONE,NONE,NO ONE,0.00,PLANNING AND DEVELOPMENT,4125,KAREEM,MUSAWWIR,06/30/2020
204877122,07/01/2020,09/30/2020,N/A,N/A,N/A,N/A,0.00,FINANCE,15841,LISA-SHERI,TORRENCE,09/30/2020
1886856506,01/01/2020,03/31/2020,VIP TICKET CHICAGO AUTO SHOW,ANTHONY,BEALE,ALDERMAN,26.00,CITY COUNCIL / ALDERMEN,18401,DAVID,SLOAN,04/20/2020
1563577321,01/01/2020,03/31/2020,VIP TICKET CHICAGO AUTO SHOW,JAMES,CAPPLEMAN,ALDERMAN,26.00,CITY COUNCIL / ALDERMEN,18401,DAVID,SLOAN,04/20/2020
4211822601,01/01/2020,03/31/2020,VIP TICKET CHICAGO AUTO SHOW,CARRIE,AUSTIN,ALDERMAN,26.00,CITY COUNCIL / ALDERMEN,18401,DAVID,SLOAN,04/20/2020
2945226007,01/01/2020,03/31/2020,N/A,N/A,N/A,N/A,0.00,FINANCE,23523,CURTIS,HARRIS,03/30/2020
2945226007,01/01/2020,03/31/2020,N/A,N/A,N/A,N/A,0.00,FINANCE,3820,MORGAN,BASSEY,04/02/2020
2974395205,01/01/2020,03/31/2020,VIP TICKET CHICAGO AUTO SHOW,JEANETTE,TAYLOR,ALDERMAN,26.00,CITY COUNCIL / ALDERMEN,18401,DAVID,SLOAN,04/20/2020
294071476,04/01/2020,06/30/2020,0,JIM,TUMPANE,SALES,0.00,FIRE DEPARTMENT,20462,JIM,TUMPANE,06/29/2020
204877122,07/01/2020,09/30/2020,N/A,N/A,N/A,N/A,0.00,FINANCE,4089,JAMES,RICE,09/30/2020
3132064331,04/01/2020,06/30/2020,N/A,N/A,N/A,N/A,0.00,FINANCE,3820,MORGAN,BASSEY,07/08/2020
3698968625,07/01/2020,09/30/2020,0,BRYON,SIGCHO-LOPEZ,ALDERMAN,0.00,CITY COUNCIL / ALDERMEN,24700,PAUL,LUU,10/28/2020
2449409060,01/01/2020,03/31/2020,VIP TICKET CHICAGO AUTO SHOW,MATT,O'SHEA,ALDERMAN,26.00,CITY COUNCIL / ALDERMEN,18401,DAVID,SLOAN,04/20/2020
2111930692,01/01/2020,03/31/2020,VIP TICKET CHICAGO AUTO SHOW,HARRY,OSTERMAN,ALDERMAN,26.00,CITY COUNCIL / ALDERMEN,18401,DAVID,SLOAN,04/20/2020
3132064331,04/01/2020,06/30/2020,N/A,N/A,N/A,N/A,0.00,FINANCE,15682,TIMOTHY,BARBERA,06/29/2020
3411905530,01/01/2020,03/31/2020,VIP TICKET CHICAGO AUTO SHOW,WALTER,BURNETT,ALDERMAN,26.00,CITY COUNCIL / ALDERMEN,18401,DAVID,SLOAN,04/20/2020
1379911029,07/01/2020,09/30/2020,N/A,DENNIS,PEDRELLI,CEO,0.00,FINANCE,16041,DENNIS,PEDRELLI,10/13/2020
3305418449,01/01/2020,03/31/2020,N/A,BRANDON,MCGHEE,MR.,0.00,ZONING BOARD OF APPEALS,24621,BRANDON,MCGHEE,05/26/2020
220971914,01/01/2020,03/31/2020,VIP TICKET CHICAGO AUTO SHOW,ROSANNA,RODRIGUEZ SANCHEZ,ALDERMAN,26.00,CITY COUNCIL / ALDERMEN,18401,DAVID,SLOAN,04/20/2020
2866494970,01/01/2020,03/31/2020,VIP TICKET CHICAGO AUTO SHOW,JAMES,GARDINER,ALDERMAN,26.00,CITY COUNCIL / ALDERMEN,18401,DAVID,SLOAN,04/20/2020
3254211868,01/01/2020,03/31/2020,VIP TICKET CHICAGO AUTO SHOW,BRENDAN,REILLY,ALDERMAN,26.00,CITY COUNCIL / ALDERMEN,18401,DAVID,SLOAN,04/20/2020
1306487640,01/01/2020,03/31/2020,VIP TICKET CHICAGO AUTO SHOW,SCOTT,WAGUESPACK,ALDERMAN,26.00,CITY COUNCIL / ALDERMEN,18401,DAVID,SLOAN,04/20/2020
1014768491,01/01/2020,03/31/2020,VIP TICKET CHICAGO AUTO SHOW,DAVID,MOORE,ALDERMAN,26.00,CITY COUNCIL / ALDERMEN,18401,DAVID,SLOAN,04/20/2020
1376106636,01/01/2020,03/31/2020,VIP TICKET CHICAGO AUTO SHOW,SILVANA,TABARAS,ALDERMAN,26.00,CITY COUNCIL / ALDERMEN,18401,DAVID,SLOAN,04/20/2020
3121978279,01/01/2020,03/31/2020,VIP TICKET CHICAGO AUTO SHOW,SOPHIA,KING,ALDERMAN,26.00,CITY COUNCIL / ALDERMEN,18401,DAVID,SLOAN,04/20/2020
1966351260,01/01/2020,03/31/2020,VIP TICKET CHICAGO AUTO SHOW,DERRICK,CURTIS,ALDERMAN,26.00,CITY COUNCIL / ALDERMEN,18401,DAVID,SLOAN,04/20/2020
3132064331,04/01/2020,06/30/2020,N/A,N/A,N/A,N/A,0.00,FINANCE,15683,KEVIN,SCHUYLER,06/29/2020
2475979765,01/01/2020,03/31/2020,0,BRYON,SIGCHO-LOPEZ,ALDERMAN,0.00,CITY COUNCIL / ALDERMEN,24700,PAUL,LUU,06/11/2020
2945226007,01/01/2020,03/31/2020,N/A,N/A,N/A,N/A,0.00,WATER MANAGEMENT,24501,TONY,DEITCH,03/30/2020
2781013709,01/01/2020,03/31/2020,VIP TICKET CHICAGO AUTO SHOW,RODERICK,SAWYER,ALDERMAN,26.00,CITY COUNCIL / ALDERMEN,18401,DAVID,SLOAN,04/20/2020
2945226007,01/01/2020,03/31/2020,N/A,N/A,N/A,N/A,0.00,FINANCE,15683,KEVIN,SCHUYLER,03/30/2020
1205945201,01/01/2020,03/31/2020,NONE,DAN,CASEY,"DEPUTY DIRECTOR PSIT, OEMC",0.00,EMERGENCY MANAGEMENT & COMMUNICATIONS,20210,KEN,LUKOWSKI,03/30/2020
640490178,01/01/2020,03/31/2020,VIP TICKET CHICAGO AUTO SHOW,EDWARD,BURKE,ALDERMAN,26.00,CITY COUNCIL / ALDERMEN,18401,DAVID,SLOAN,04/20/2020
3132064331,04/01/2020,06/30/2020,N/A,N/A,N/A,N/A,0.00,FINANCE,15841,LISA-SHERI,TORRENCE,06/29/2020
1722666368,01/01/2020,03/31/2020,VIP TICKET CHICAGO AUTO SHOW,PAT,DOWELL,ALDERMAN,26.00,CITY COUNCIL / ALDERMEN,18401,DAVID,SLOAN,04/20/2020
1722507862,01/01/2020,03/31/2020,VIP TICKET CHICAGO AUTO SHOW,PATRICK,THOMPSON,ALDERMAN,26.00,CITY COUNCIL / ALDERMEN,18401,DAVID,SLOAN,04/20/2020
2794130149,01/01/2020,03/31/2020,VIP TICKET CHICAGO AUTO SHOW,CHRISTOPHER,TALIAFERRO,ALDERMAN,26.00,CITY COUNCIL / ALDERMEN,18401,DAVID,SLOAN,04/20/2020
3539252,04/01/2020,06/30/2020,NONE,DAN,CASEY,"DEPUTY DIRECTOR PSIT, OEMC",0.00,EMERGENCY MANAGEMENT & COMMUNICATIONS,20210,KEN,LUKOWSKI,06/29/2020
1994110201,04/01/2020,06/30/2020,0.00,JAMES,WEISS,OWNER,0.00,CITY COUNCIL / ALDERMEN,22642,PAUL,MORRIS,06/01/2020
729696181,01/01/2020,03/31/2020,VIP TICKET CHICAGO AUTO SHOW,GILBERT,VILLEGAS,ALDERMAN,26.00,CITY COUNCIL / ALDERMEN,18401,DAVID,SLOAN,04/20/2020
3906534857,07/01/2020,09/30/2020,0,0,0,0,0.00,COMMITTEES OF THE CITY COUNCIL,3734,MARILYN,KATZ,10/09/2020
1401767272,07/01/2020,09/30/2020,N/A,MICHAEL,MIAZGA,COO,0.00,TRANSPORTATION,24739,MICHAEL,MIAZGA,10/13/2020
204877122,07/01/2020,09/30/2020,N/A,N/A,N/A,N/A,0.00,FINANCE,15682,TIMOTHY,BARBERA,09/30/2020
3132064331,04/01/2020,06/30/2020,N/A,N/A,N/A,N/A,0.00,FINANCE,23523,CURTIS,HARRIS,06/29/2020
1592728764,01/01/2020,03/31/2020,VIP TICKET CHICAGO AUTO SHOW,FELIX,CARDONA,ALDERMAN,26.00,CITY COUNCIL / ALDERMEN,18401,DAVID,SLOAN,04/20/2020
3369599172,07/01/2020,09/30/2020,0,RICHARD,INGRAM,LEGAL,0.00,LAW DEPARTMENT,4084,RICHARD,INGRAM,10/13/2020
745324748,01/01/2020,03/31/2020,FOOD/BEVERAGE,GILBERT,VILLEGAS,ALDERMAN,16.00,CITY COUNCIL / ALDERMEN,17901,MATTHEW,SUMMY,04/07/2020
1682456983,01/01/2020,03/31/2020,0.00,JAMES,WEISS,OWNER,0.00,CITY COUNCIL / ALDERMEN,22642,PAUL,MORRIS,06/01/2020
2819980714,04/01/2020,06/30/2020,N/A,NONE,NONE,N/A,0.00,MAYORS OFFICE,24822,GUY,MEDAGLIA,07/22/2020
4205425881,01/01/2020,03/31/2020,VIP TICKET CHICAGO AUTO SHOW,DANIEL,LA SPATA,ALDERMAN,26.00,CITY COUNCIL / ALDERMEN,18401,DAVID,SLOAN,04/20/2020
1833404258,10/01/2020,12/31/2020,0,0,0,0,0.00,BOARD OF ETHICS,3734,MARILYN,KATZ,11/16/2020
1480428519,07/01/2024,09/30/2024,O,NONE,NONE,NONE,0.00,311 CITY SERVICES,27822,MICHAEL,SCOTT,08/01/2024
1705362118,07/01/2024,09/30/2024,0,NONE,NONE,NONE,0.00,311 CITY SERVICES,27822,MICHAEL,SCOTT,08/01/2024
4214797799,07/01/2024,09/30/2024,0,CARMEN,ROSSI,LOBBIEST,0.00,PLANNING AND DEVELOPMENT,23741,CARMEN,ROSSI,09/05/2024
450548178,07/01/2024,09/30/2024,LUNCH,CARDONA,FELIX,ALDERMAN,31.35,CITY COUNCIL/ALDERPERSONS,31241,ANTONIO,MUNOZ,09/25/2024
3230453457,07/01/2024,09/30/2024,N/A,N/A,N/A,N/A,0.00,FINANCE,3820,MORGAN,BASSEY,10/04/2024
685580927,07/01/2024,09/30/2024,FOOD/BEVERAGE,SHARITA,CHILDS,ASSISTANT PROJECT DIRECTOR,13.00,CITY TREASURER,22322,JOANNE,BAER,10/08/2024
2008260627,07/01/2024,09/30/2024,FOOD/BEVERAGE,CRAIG,SLACK,CHIEF INVESTMENT OFFICER,13.00,CITY TREASURER,22322,JOANNE,BAER,10/08/2024
2995092976,07/01/2024,09/30/2024,FOOD/BEVERAGE,MELISSA,CONYEARS-ERVIN,TREASURER,13.00,CITY TREASURER,22322,JOANNE,BAER,10/08/2024
2690004674,07/01/2024,09/30/2024,FOOD/BEVERAGE,SHARICE,BRADFORD,DIRECTOR OF DEVELOPMENT AND PARTNERSHIPS,13.00,CITY TREASURER,22322,JOANNE,BAER,10/08/2024
674531537,07/01/2024,09/30/2024,FOOD & BEVERAGE,DOMINIQUE,WARREN,DIRECTOR OF FEDERAL AFFAIRS,33.27,MAYORS OFFICE,25013,LEAH,POPOFF,10/15/2024
1411343612,07/01/2024,09/30/2024,MEAL & BEVERAGE,KENYA,MERRITT,DEPUTY MAYOR,50.00,MAYORS OFFICE,29984,COLLEEN,SMITH,10/16/2024
2087465514,10/01/2024,12/31/2024,N/A,N/A,N/A,N/A,0.00,FINANCE,3820,MORGAN,BASSEY,01/07/2025
1683970179,10/01/2024,12/31/2024,0,ISSAC,RIGGS,CEO,0.00,EMERGENCY MANAGEMENT & COMMUNICATIONS,25242,ISSAC,RIGGS,01/10/2025
